container_chain,depth,parent_narc_path,parent_file_id,rom_offset,size,sha256,bom,version,declared_file_size,header_size,block_count,member_count,named_member_count,validation
/a/0/0/0,0,/a/0/0/0,129,18805760,6416,dfd0bd6f4d6e909790512fc9f5e0cbc70db282948ca622bcf13914866b7e2532,0xfffe,0x0100,6416,16,3,501,0,valid
/a/0/0/1,0,/a/0/0/1,130,18812416,53904,4bdd8f93da7831add2db84671be9cc4c5d3ab2f981c391f3f84ad4b451cc08aa,0xfffe,0x0100,53904,16,3,297,0,valid
/a/0/0/2,0,/a/0/0/2,131,18866688,26468,6e533889d97eee45db41affe61ceec2e05d7e8dac54126adefbb65eb1f664197,0xfffe,0x0100,26468,16,3,508,0,valid
/a/0/0/3,0,/a/0/0/3,132,18893312,3348,ce5c612e32e537da3cdf7808c3f21ab217e83a75ead56027d98a7d84bb1b55d6,0xfffe,0x0100,3348,16,3,8,0,valid
/a/0/0/4,0,/a/0/0/4,133,18896896,11778676,e8ae001c0a342e947494b6a0f49a95cdb13f6016b83821a4865edc36ff064ac2,0xfffe,0x0100,11778676,16,3,2964,0,valid
/a/0/0/5,0,/a/0/0/5,134,30675968,23108,d70a472fa68f89294c606f875233d9b234eb0a463d3c09eb8b1c4c85ae382b3d,0xfffe,0x0100,23108,16,3,1976,0,valid
/a/0/0/6,0,/a/0/0/6,135,30699520,523924,52f8fecd7da9cf81ab0218a049c0d9a1f3c670ee246390a2b3854fa6aa79d7fc,0xfffe,0x0100,523924,16,3,85,0,valid
/a/0/0/7,0,/a/0/0/7,136,31223808,797708,ad5e72e1124bc8c8ec267064f42287223c1b6d309055f5634774a8c8e4a925f4,0xfffe,0x0100,797708,16,3,351,0,valid
/a/0/0/8,0,/a/0/0/8,137,32022016,121568,6a2479d442419ad1c181e14420649abd1e4253ec361d7d91ca36fb843cea15b6,0xfffe,0x0100,121568,16,3,346,0,valid
/a/0/0/9,0,/a/0/0/9,138,32143872,15284,fb753b66099f9e9077613f86ff1c1d8e4ccbf701d6d0fa6ad580cf46a9e65082,0xfffe,0x0100,15284,16,3,32,0,valid
/a/0/1/0,0,/a/0/1/0,139,32159232,255632,4a69ebb45bd7bc67d2342acb24d62a7a388f5792f1448426f3860e9fd89516f8,0xfffe,0x0100,255632,16,3,501,0,valid
/a/0/1/1,0,/a/0/1/1,140,32415232,11356,654d7edd0b0be66f6189ee87026dd701a2b8d98afa19a3991c8417803c50faea,0xfffe,0x0100,11356,16,3,471,0,valid
/a/0/1/2,0,/a/0/1/2,141,32427008,372012,bab429408b962c513d3e3ba89f67d8d74d6824563cd30fc317d473edacd05d18,0xfffe,0x0100,372012,16,3,965,0,valid
/a/0/1/3,0,/a/0/1/3,142,32799232,6748,89e84ab4475c85ad4358761c89c69c16f51c024041d2081a1da6ad1ad51b7cba,0xfffe,0x0100,6748,16,3,16,0,valid
/a/0/1/4,0,/a/0/1/4,143,32806400,24996,f8cb6ab93fc08f5394425f050cbf9c71b92d65f64ca1e30d8414a69948771a4e,0xfffe,0x0100,24996,16,3,78,0,valid
/a/0/1/5,0,/a/0/1/5,144,32831488,274376,b48c6ff7cf784b4cca74a920b90bb6cc67087464b11cb437abcf14528b291ca3,0xfffe,0x0100,274376,16,3,95,0,valid
/a/0/1/6,0,/a/0/1/6,145,33105920,1201508,58638e5171d526c59595ecd229b9be6fd3e0a8462688b1ced8dacae85ab0a56f,0xfffe,0x0100,1201508,16,3,13,0,valid
/a/0/1/7,0,/a/0/1/7,146,34307584,22668,577631590698709a75a7142da8a037e1641b8c41ac4cf9dd481de3f3d4e3a29c,0xfffe,0x0100,22668,16,3,514,0,valid
/a/0/1/8,0,/a/0/1/8,147,34330624,448456,abaa10233234c73bff7568be751482083d64b2b4e195b266e4b3db0c8b8b5704,0xfffe,0x0100,448456,16,3,797,0,valid
/a/0/1/9,0,/a/0/1/9,148,34779136,80596,f7a1a97638959a685719049a0b780686edb68704777fead790b230e10ed1df4a,0xfffe,0x0100,80596,16,3,87,0,valid
/a/0/2/0,0,/a/0/2/0,149,34860032,589656,ffc35362fa9e0880fa8023a89c34a94adbc78f06aa28ae966ff4028ad3d6b7e0,0xfffe,0x0100,589656,16,3,551,0,valid
/a/0/2/1,0,/a/0/2/1,150,35449856,51400,55abbdd5668b0bb4cffdfcb51d4c75f2ffcb612141aa4c86fea256cce62e34be,0xfffe,0x0100,51400,16,3,27,0,valid
/a/0/2/2,0,/a/0/2/2,151,35501568,33076,e6902f8f1eb1b63f9d3f23caf2e6eee4f981f6773a118324d8fff6a9559e5d68,0xfffe,0x0100,33076,16,3,37,0,valid
/a/0/2/3,0,/a/0/2/3,152,35534848,4480,31f3222bb317406d558a130bcfbff12cf49f76e05dd9f89cda8ef4e319a4a4d2,0xfffe,0x0100,4480,16,3,39,0,valid
/a/0/2/4,0,/a/0/2/4,153,35539456,5372,3dc3990ebb7ea6f86bdde80204b82a79427cae3c09d55b11a0c3c7e4aa2392e8,0xfffe,0x0100,5372,16,3,37,0,valid
/a/0/2/5,0,/a/0/2/5,154,35545088,4688,0e47c9b5f7c24199bd56d0576f276dabbf4c1d8aa68922caa3ac4ec2699d0865,0xfffe,0x0100,4688,16,3,37,0,valid
/a/0/2/6,0,/a/0/2/6,155,35550208,255536,b9e5fdc4781e07ff904efb3605eec2b94824c8ef8e4f04f7d9745612efeded99,0xfffe,0x0100,255536,16,3,236,0,valid
/a/0/2/7,0,/a/0/2/7,156,35806208,3001268,0c7ebaa0dc09164a5a012d773bb2d26a732137d9dd2c02b4ec50bf9610505224,0xfffe,0x0100,3001268,16,3,822,0,valid
/a/0/2/8,0,/a/0/2/8,157,38807552,41524,f02b453a55678f112c31b7a78b794d132b25212641a767f83f3cf42017cd704d,0xfffe,0x0100,41524,16,3,7,0,valid
/a/0/2/9,0,/a/0/2/9,158,38849536,2423552,e54dfd9750e32d09e00242c145894e8fb5ae7e80266b546a2902c12b6e7caf93,0xfffe,0x0100,2423552,16,3,486,0,valid
/a/0/3/0,0,/a/0/3/0,159,41273344,16940,5ea512d19a6f075c48227ddb13aba43e3cb7af6c6cc69695e694d59a787e1d7c,0xfffe,0x0100,16940,16,3,277,0,valid
/a/0/3/1,0,/a/0/3/1,160,41290752,16228,4306b052f2301dde0675e298ceeb9e823df5db9541ab5cce82abaa8adf1ec42d,0xfffe,0x0100,16228,16,3,19,0,valid
/a/0/3/2,0,/a/0/3/2,161,41307136,136784,70815852d040ed7831830fbec2f9e9282371ff6cf544260b900b9dcd6049c020,0xfffe,0x0100,136784,16,3,491,0,valid
/a/0/3/3,0,/a/0/3/3,162,41444352,19196,7310844ac52a8d47f6cdca31e867435ef4755778a2d35b0173a23f196e4eef5d,0xfffe,0x0100,19196,16,3,508,0,valid
/a/0/3/4,0,/a/0/3/4,163,41463808,26468,fe6e4ec493a393cac0ed89c22f7ffe00e4174fbc79025dd714188ae07b37862d,0xfffe,0x0100,26468,16,3,508,0,valid
/a/0/3/5,0,/a/0/3/5,164,41490432,1444,5ccff2254dbf1fe7df12be151d74de7b5a6c6d44c49d3a3fc0cee77419ed1fb7,0xfffe,0x0100,1444,16,3,12,0,valid
/a/0/3/6,0,/a/0/3/6,165,41491968,44940,7045d7e261b9a1674664a2e4d39f2096fb2f7fe451141bde9f505d27309db4e6,0xfffe,0x0100,44940,16,3,54,0,valid
/a/0/3/7,0,/a/0/3/7,166,41537024,29020,abf7f3444322813649e15c61601ffd669acab9b218b9fbcc7cfab80b7c63edce,0xfffe,0x0100,29020,16,3,142,0,valid
/a/0/3/8,0,/a/0/3/8,167,41566208,35372,f3eb794fe2ea3cd436ec7b3582c8b3df7340d11961c9c3a9d7e357e230289a88,0xfffe,0x0100,35372,16,3,51,0,valid
/a/0/3/9,0,/a/0/3/9,168,41602048,127152,e83530ff8e24ad7cdc88f1f46f3ce7573695e9e63dfbc5e87f39cee72c227b92,0xfffe,0x0100,127152,16,3,137,0,valid
/a/0/4/0,0,/a/0/4/0,169,41729536,2397304,c750b0cd588c9dd42dfcae5a334f2eb504c5bdc943a9f529c4479020863bee9a,0xfffe,0x0100,2397304,16,3,340,0,valid
/a/0/4/1,0,/a/0/4/1,170,44127232,12036,c7254a9e18d40b18e5acd0fe77d1a0e0519b021af05f7a5211b354158db5abdd,0xfffe,0x0100,12036,16,3,288,0,valid
/a/0/4/2,0,/a/0/4/2,171,44139520,1748,991506d5626fee587e4bf27042ae7b2945e167b89d6ec9f2d834d29e7476d58f,0xfffe,0x0100,1748,16,3,106,0,valid
/a/0/4/3,0,/a/0/4/3,172,44141568,4436,2fc8901dada240a9b4f8040a697d0eead1e33e61ec9f3c80a61cbc191f60c4c9,0xfffe,0x0100,4436,16,3,104,0,valid
/a/0/4/4,0,/a/0/4/4,173,44146176,1833748,d46dbea1b3acd0d117e616458a84aad88e2727b1c4a9f3cd662dd1a26814a853,0xfffe,0x0100,1833748,16,3,106,0,valid
/a/0/4/5,0,/a/0/4/5,174,45980160,19816,7b5ddd52efc8daeb79eb517c71f72c2f6da461a4723eb80cc72ef7ea065d2ffb,0xfffe,0x0100,19816,16,3,9,0,valid
/a/0/4/6,0,/a/0/4/6,175,46000128,792944,505cc3bbcc71eaf095b81549d4647b499710efb5310a66f7ee211ac812254041,0xfffe,0x0100,792944,16,3,44,0,valid
/a/0/4/7,0,/a/0/4/7,176,46793216,152,37b8ad1d1d5d049e78bc972f2d36e94f780382de9cef6706b5c660c9bdc876e1,0xfffe,0x0100,152,16,3,5,0,valid
/a/0/4/8,0,/a/0/4/8,177,46793728,121772,41fd698d83b7f883100b7cd2d2796486ac6fd2293da4736e1fda7bbaee571fc3,0xfffe,0x0100,121772,16,3,53,0,valid
/a/0/4/9,0,/a/0/4/9,178,46915584,335464,8b35b7f5305552151919ecd3ba9bd5a130b0d9fd21dd9319243d5b630de2b281,0xfffe,0x0100,335464,16,3,78,0,valid
/a/0/5/0,0,/a/0/5/0,179,47251456,16088,4f48a58a7eaedfe8274d27bc35ca478f9d66e677a8fe766f3fd8ceaaf6642236,0xfffe,0x0100,16088,16,3,3,0,valid
/a/0/5/1,0,/a/0/5/1,180,47267840,183920,3ab6376e7659e4ece20cc00e39e7359b6d062d349f665404f61d8f3debbaafdb,0xfffe,0x0100,183920,16,3,134,0,valid
/a/0/5/2,0,/a/0/5/2,181,47452160,11484,d031d0a7095813d323307464003b70d2577dc3d67c7c5bfc7bc6c4b244999009,0xfffe,0x0100,11484,16,3,13,0,valid
/a/0/5/3,0,/a/0/5/3,182,47463936,133020,6aef71920a64161cb0879222c36a89a2b6a2be34db605b8ad68766c2b5f2c68d,0xfffe,0x0100,133020,16,3,116,0,valid
/a/0/5/4,0,/a/0/5/4,183,47597056,27580,a7f697f95321dcfb2e9c8f155daa0b032932c42215a627e0e2397cd455c61d20,0xfffe,0x0100,27580,16,3,21,0,valid
/a/0/5/5,0,/a/0/5/5,184,47624704,20716,bbcba2a8ee01a917021eafbe39580894d883ac1299e37349266c8c8c448f5273,0xfffe,0x0100,20716,16,3,738,0,valid
/a/0/5/6,0,/a/0/5/6,185,47645696,26416,c2cbe71ba7b736e5f7e9a49b02c9e2067cda840fd894cc7b982e8b2f6218fda3,0xfffe,0x0100,26416,16,3,738,0,valid
/a/0/5/7,0,/a/0/5/7,186,47672320,6928,a6060adfc0cddddb3992d2295e1873be8ebd291b16af6ec48edd309e58890588,0xfffe,0x0100,6928,16,3,1,0,valid
/a/0/5/8,0,/a/0/5/8,187,47679488,1663908,468cbb561e7299725c9cc96d3c5e1304c925c678d92c58dfa6a8db1498247f64,0xfffe,0x0100,1663908,16,3,645,0,valid
/a/0/5/9,0,/a/0/5/9,188,49343488,34408,cad28a81067812dca0e93add138e7147fcb7644321a5b94f74f945388a3b15d7,0xfffe,0x0100,34408,16,3,5,0,valid
/a/0/6/0,0,/a/0/6/0,189,49378304,46816,9fa37a846ea33f087d2c8d19c3c3cbad38885cb78b830e1dad2a4ccb57e0ad48,0xfffe,0x0100,46816,16,3,26,0,valid
/a/0/6/1,0,/a/0/6/1,190,49425408,12312,190a0947c75ac6f1db52bebc21679ed3fb0fbbd10ff87a2f8c4d82bc6147a3e8,0xfffe,0x0100,12312,16,3,50,0,valid
/a/0/6/2,0,/a/0/6/2,191,49438208,23680,cd49b51638dcf62c8f98725b613496d430b88ceab8c890d152f615548c69fb89,0xfffe,0x0100,23680,16,3,8,0,valid
/a/0/6/3,0,/a/0/6/3,192,49462272,63656,a52f8b2f311a1397a1a97a011d904f5ca28e6674239f16605515a5b5eeee59c3,0xfffe,0x0100,63656,16,3,59,0,valid
/a/0/6/4,0,/a/0/6/4,193,49526272,19312,63bbfa26edf4845d061ea5784b7b73186f73cb5e5f394ca57239a62905d3f776,0xfffe,0x0100,19312,16,3,11,0,valid
/a/0/6/5,0,/a/0/6/5,194,49545728,19536644,9ab4537b75fb8b9fa7a14433ded3ad018dde78f24c59db570cdcb21f2ca94026,0xfffe,0x0100,19536644,16,3,676,0,valid
/a/0/6/6,0,/a/0/6/6,195,69082624,1332,671d1d33478a40e89f5d9811827649b880666321bf7dfe83b4c7be4fce69c97e,0xfffe,0x0100,1332,16,3,64,0,valid
/a/0/6/7,0,/a/0/6/7,196,69084160,72988,2b059ba5c33a5416a02ce0c7aecc55a45568e899dc9a83f6b89262a36ed1e4cf,0xfffe,0x0100,72988,16,3,130,0,valid
/a/0/6/8,0,/a/0/6/8,197,69157376,57340,4f093d2837f40987aebaadfa7ad96ca397fa9713a37d51b29d1846a01a6b2f81,0xfffe,0x0100,57340,16,3,123,0,valid
/a/0/6/9,0,/a/0/6/9,198,69214720,58604,181e87eb2bf79ba6e73124d1f694e801aa48844dcdd85e66c0bd2c707e8f8688,0xfffe,0x0100,58604,16,3,497,0,valid
/a/0/7/0,0,/a/0/7/0,199,69273600,1769676,d8a23409f4329fa696c0871496f491e5281b2900cb61387d8ef9749701487969,0xfffe,0x0100,1769676,16,3,104,0,valid
/a/0/7/1,0,/a/0/7/1,200,71043584,74408,2a23cdbe730f05d3f74ef59110a790ba61b1f5617140337424d1b1d50e68e549,0xfffe,0x0100,74408,16,3,28,0,valid
/a/0/7/2,0,/a/0/7/2,201,71118336,18704,ebe2fe347f29056b23d42495584633d555f31cb1623f42d30e446de9d3812b93,0xfffe,0x0100,18704,16,3,20,0,valid
/a/0/7/3,0,/a/0/7/3,202,71137280,4088,bf71c57d77a328756876d6d34a4d6a7f7d23463f5c82d1b7ce479f79012c639c,0xfffe,0x0100,4088,16,3,8,0,valid
/a/0/7/4,0,/a/0/7/4,203,71141376,24100,fae91f54ef537cbceadaf4389e2b587dcec8285536c9f62f3b9365d7139ee1e7,0xfffe,0x0100,24100,16,3,102,0,valid
/a/0/7/5,0,/a/0/7/5,204,71165952,1176,9364c6159fdd1d229917b624fb0b24ba24ac0588dbf3eaef29b6075f005475a7,0xfffe,0x0100,1176,16,3,2,0,valid
/a/0/7/6,0,/a/0/7/6,205,71167488,10276,c4b15d32a8eb5fabc271a49764b59eaefd316b354a5c243d625c081bb5f86e5d,0xfffe,0x0100,10276,16,3,17,0,valid
/a/0/7/7,0,/a/0/7/7,206,71178240,22276,2a4c699595ae39d19e7e93b096d975ee0e06673dcb8839a3205900e561c53f5a,0xfffe,0x0100,22276,16,3,4,0,valid
/a/0/7/8,0,/a/0/7/8,207,71200768,5412,a81ac3264060405b30d9393f0dfc6bde237479fed739e124310e09991a5be4a1,0xfffe,0x0100,5412,16,3,9,0,valid
/a/0/7/9,0,/a/0/7/9,208,71206400,109872,d77ac57e70e074e0081f2f59fbe16fd636d5e1276811f49964b15281facc9e4f,0xfffe,0x0100,109872,16,3,37,0,valid
/a/0/8/0,0,/a/0/8/0,209,71316480,67540,791a8fb2041aa97c92a7306d730238eeb46ca69efad785b244cb99be26a8cdf4,0xfffe,0x0100,67540,16,3,16,0,valid
/a/0/8/1,0,/a/0/8/1,210,71384064,4637368,77db7598d62b7ecc28e92cb78c2bd9562aca2c496b083eb8e19cd6f653de5ac9,0xfffe,0x0100,4637368,16,3,863,0,valid
/a/0/8/2,0,/a/0/8/2,211,76021760,176604,c6e41af40dfca15e9fc385ac7b48098738e8fa84cc70269c93a268307153ba32,0xfffe,0x0100,176604,16,3,18,0,valid
/a/0/8/3,0,/a/0/8/3,212,76198400,868,1ca3e421c0ad0a380bc6ecb063aba373097af1f80e70113c87f245185b7bc437,0xfffe,0x0100,868,16,3,4,0,valid
/a/0/8/4,0,/a/0/8/4,213,76199424,21732,492c2de91fbe59ba1e52b7e32e743784cdee27377a1288eb24a0aa338664ba83,0xfffe,0x0100,21732,16,3,15,0,valid
/a/0/8/5,0,/a/0/8/5,214,76221440,13736,6a13d339d678f1f2add37ae2bf65dd0b525c65c714bfabf88b063b316453961b,0xfffe,0x0100,13736,16,3,18,0,valid
/a/0/8/6,0,/a/0/8/6,215,76235264,14140,7cf7c17d07b805fc4d6c65b7b23e6d25b0b94e87f5cf0d729c308ed2b1b9496f,0xfffe,0x0100,14140,16,3,15,0,valid
/a/0/8/7,0,/a/0/8/7,216,76249600,31756,2aee233e42afbee93eda44dd2b8ba1ca00ba97ebaad7598d1ac00104b609e572,0xfffe,0x0100,31756,16,3,120,0,valid
/a/0/8/8,0,/a/0/8/8,217,76281856,150964,448fd2c485a3758b5cefe0ff9d17a389e46ae59cf3c789a865cd5d9874cd91b9,0xfffe,0x0100,150964,16,3,48,0,valid
/a/0/8/9,0,/a/0/8/9,218,76432896,31512,84c5643070177367c342b8d5a18c679639b03c305b77933fb007a929e74f99cf,0xfffe,0x0100,31512,16,3,28,0,valid
/a/0/9/0,0,/a/0/9/0,219,76464640,28500,c64d810db8e1f78bc20968346450286abe79fab939f3a1b03c7e61deaf47c8bf,0xfffe,0x0100,28500,16,3,143,0,valid
/a/0/9/1,0,/a/0/9/1,220,76493312,4284,715e43301d7c451413292d0d99a47f38e5cdfeeed763ed855146e80b24a186b3,0xfffe,0x0100,4284,16,3,10,0,valid
/a/0/9/2,0,/a/0/9/2,221,76497920,612,565877e4a06cb02b58f02a3f261735d34b1f4fc7c5801b0afb3a9e78c4860e82,0xfffe,0x0100,612,16,3,16,0,valid
/a/0/9/3,0,/a/0/9/3,222,76498944,34312,6297f2dfeda5bfcef7ffa690a05f003567da4b276117937ce3b17916e4db6b2a,0xfffe,0x0100,34312,16,3,26,0,valid
/a/0/9/4,0,/a/0/9/4,223,76533760,472620,18d011c800914e0410979a16996dcdf6cca15ba384aa85d9973a769ab6def94e,0xfffe,0x0100,472620,16,3,20,0,valid
/a/0/9/5,0,/a/0/9/5,224,77006848,365260,cba8a41efa66e1fbbc2ae26fea1d7c8d6954ffdf37acad15ad1508a5b91f5645,0xfffe,0x0100,365260,16,3,133,0,valid
/a/0/9/6,0,/a/0/9/6,225,77372416,3016,15b42228db722e499f072c1fac5f57aa71c388e9aaae1502af2fbcc0d13f8f78,0xfffe,0x0100,3016,16,3,2,0,valid
/a/0/9/7,0,/a/0/9/7,226,77375488,19352,54c6e80a00d11dea429762cc33dd5f0e42cad35397b689c3ca2bfeced1813ad4,0xfffe,0x0100,19352,16,3,17,0,valid
/a/0/9/8,0,/a/0/9/8,227,77394944,3272,c08c82a413c2ff69e090eefff87778032b3392f43c61a3f433f7100e857500cf,0xfffe,0x0100,3272,16,3,19,0,valid
/a/0/9/9,0,/a/0/9/9,228,77398528,42488,59e4065ab291cad68678145bf20b66985ba7fc827527b93b3523c648edd9e65a,0xfffe,0x0100,42488,16,3,1,0,valid
/a/1/0/0,0,/a/1/0/0,229,77441024,53512,9c0e0dcd06cbbe4ae9b5b8bfeb4eb3d1e87701fbb93679ed4934a5cea7f6107e,0xfffe,0x0100,53512,16,3,49,0,valid
/a/1/0/1,0,/a/1/0/1,230,77494784,30028,9b43833f93d42b46b4589017e696da5e2f341b56b174513fee6e094fb2b7a704,0xfffe,0x0100,30028,16,3,20,0,valid
/a/1/0/2,0,/a/1/0/2,231,77524992,1828,5a466b26b3595ff878992810881d77bda8661c2776e92036612e12fdc9026c8d,0xfffe,0x0100,1828,16,3,12,0,valid
/a/1/0/3,0,/a/1/0/3,232,77527040,145000,45486a7c13c393fb8ad420c794a072903417a661f04c894422aa4d35a5d32061,0xfffe,0x0100,145000,16,3,169,0,valid
/a/1/0/4,0,/a/1/0/4,233,77672448,44416,5cbb41987791f64482e604e3f72c9fdbde4bac2f5d3a57729f6f44481bf2bcb5,0xfffe,0x0100,44416,16,3,9,0,valid
/a/1/0/5,0,/a/1/0/5,234,77716992,1048,a8072ca83eccb60cc3d94b0c7be53807e9d39e0895bc82551fd168db54eea381,0xfffe,0x0100,1048,16,3,1,0,valid
/a/1/0/6,0,/a/1/0/6,235,77718528,333608,9a810af992b4803d140aa1146355b777f2858ff68cdaf59790c218ebed137ca1,0xfffe,0x0100,333608,16,3,273,0,valid
/a/1/0/7,0,/a/1/0/7,236,78052352,10932,83e4043329e56263be17a9bc8369266ae720713c861b91987883280b8571db5f,0xfffe,0x0100,10932,16,3,340,0,valid
/a/1/0/8,0,/a/1/0/8,237,78063616,7156,899c71014d1cbe5aacdff14f1d4903a44ff2c0706592e40a28afcce07935005e,0xfffe,0x0100,7156,16,3,222,0,valid
/a/1/0/9,0,/a/1/0/9,238,78070784,407244,1ab499820fdd211bb6381bafca29e3f15f5f0a170a94684f1083f4d97a136e26,0xfffe,0x0100,407244,16,3,242,0,valid
/a/1/1/0,0,/a/1/1/0,239,78478336,42588,6d47ed7be3643c05056f67039f21c4df22f0f283f70184a7b3bbeb0334c8710d,0xfffe,0x0100,42588,16,3,22,0,valid
/a/1/1/1,0,/a/1/1/1,240,78521344,13892,25af2f6e78a5a8eab609313a6e21b103604753686088ef4c51f212c89c109011,0xfffe,0x0100,13892,16,3,1,0,valid
/a/1/1/2,0,/a/1/1/2,241,78535680,1248,f3f189c57d31e7d413b8601424c32aabe2c976fe7e9e63953a7c7297d20ac373,0xfffe,0x0100,1248,16,3,13,0,valid
/a/1/1/3,0,/a/1/1/3,242,78537216,34260,139290ec8439f75bb01ec279484dd30b73cd692cb3611dcff8d7780e773511d5,0xfffe,0x0100,34260,16,3,50,0,valid
/a/1/1/4,0,/a/1/1/4,243,78571520,1047468,032604ea022dd39504ea3548d78e3c2f74204649588aad48ef219b0c17bcfeb1,0xfffe,0x0100,1047468,16,3,261,0,valid
/a/1/1/5,0,/a/1/1/5,244,79619072,11004,c4fcc55205b9fbc52a00fad3451b6f8766e94bb05f90578ff7f66cc78ea8a134,0xfffe,0x0100,11004,16,3,11,0,valid
/a/1/1/6,0,/a/1/1/6,245,79630336,9708,97429870ad23f453d0d10aae69d899ddc9825b2ecd6fe06917563d9f54b4819a,0xfffe,0x0100,9708,16,3,2,0,valid
/a/1/1/7,0,/a/1/1/7,246,79640064,1972,d8decbb53c30bd7e7e8553b8110482549634b02a985632f05d4c555727815030,0xfffe,0x0100,1972,16,3,160,0,valid
/a/1/1/8,0,/a/1/1/8,247,79642112,5092,7a342d81e8a51493d2f0cc6cf502578cd7d195113b1c17ddcdc3be68b9bba59f,0xfffe,0x0100,5092,16,3,11,0,valid
/a/1/1/9,0,/a/1/1/9,248,79647232,9364,4519249fa8c3c6da9c20579dde3a6447aaa77b05f5c33f8f92eff5cbdbd4a3b1,0xfffe,0x0100,9364,16,3,2,0,valid
/a/1/2/0,0,/a/1/2/0,249,79656960,128724,ef15aad4439e4cec05c72437e335ea9aaff7af484029fc3c8343ef4c5c7c0afd,0xfffe,0x0100,128724,16,3,67,0,valid
/a/1/2/1,0,/a/1/2/1,250,79785984,896,6bf46c807745f991dae47e3633aeae516479c2e5d84acc10767fe0c9a9bafd55,0xfffe,0x0100,896,16,3,3,0,valid
/a/1/2/2,0,/a/1/2/2,251,79787008,333468,d43929d7e8f744422042e8db5575fa73586f694b47ee4ec00d89ae23a6b19f84,0xfffe,0x0100,333468,16,3,67,0,valid
/a/1/2/3,0,/a/1/2/3,252,80120832,152180,a529c990a715b9599316abf4049a14a23b4c18a019b69a41b2630fb921460ff6,0xfffe,0x0100,152180,16,3,8,0,valid
/a/1/2/4,0,/a/1/2/4,253,80273408,5320,41edac6df8e779a1fa6dbab5e60856b931050533f461cd6765ee5cdb5bc43aae,0xfffe,0x0100,5320,16,3,4,0,valid
/a/1/2/5,0,/a/1/2/5,254,80279040,3020,78ed2c1252ca3d76324b60f2fedbb7f20bc84e3ac08f55f87aa1e7ac38173528,0xfffe,0x0100,3020,16,3,1,0,valid
/a/1/2/6,0,/a/1/2/6,255,80282112,52020,f56145ca8bbcd4041758e71a4878100f6716d155035732669827634bd8dd0412,0xfffe,0x0100,52020,16,3,25,0,valid
/a/1/2/7,0,/a/1/2/7,256,80334336,95360,e69d09b1ef76de416a7a6fc6316707fcc93a32a8fd55240ece2e47c3cba6ec13,0xfffe,0x0100,95360,16,3,25,0,valid
/a/1/2/8,0,/a/1/2/8,257,80430080,33728,9d8e016906e413d77a3a30856764f7605c03b9c0d956601e6262a4918b0f0040,0xfffe,0x0100,33728,16,3,307,0,valid
/a/1/2/9,0,/a/1/2/9,258,80463872,22876,776d9ad316bd6a9d97f45ca6dc5405dbf2e3e96f75a36118619bcad4081bec6c,0xfffe,0x0100,22876,16,3,951,0,valid
/a/1/3/0,0,/a/1/3/0,259,80486912,57312,a2b72b17bdb24a6b7229a30244b06e718c3e923887912cd035bd4c30c1410b60,0xfffe,0x0100,57312,16,3,7,0,valid
/a/1/3/1,0,/a/1/3/1,260,80544256,1532,9a81eb68a3ec7aa6a7ab9aef67711e376655493812893535248076fa4fbfee4e,0xfffe,0x0100,1532,16,3,1,0,valid
/a/1/3/2,0,/a/1/3/2,261,80545792,556,a5984361e6e9167321a9b4f5ce444a3b628d36520e97e8d9c61c1477ff157969,0xfffe,0x0100,556,16,3,1,0,valid
/a/1/3/3,0,/a/1/3/3,262,80546816,60072,5584e8784b3da2390ace1b78391588c3e4fe80d7b1889411bf8c22777afbd555,0xfffe,0x0100,60072,16,3,3962,0,valid
/a/1/3/4,0,/a/1/3/4,263,80607232,49712,1cb880fc3da6a4577c86199b02dc58077dab8f315b98daae745d53555b129c80,0xfffe,0x0100,49712,16,3,24,0,valid
/a/1/3/5,0,/a/1/3/5,264,80657408,556,037338ffc4f027a249f506b8171dc872c875477158f019e4ea503d1ade6255ec,0xfffe,0x0100,556,16,3,1,0,valid
/a/1/3/6,0,/a/1/3/6,265,80658432,29020,df95fe60b150ee1bb953695f4547d5e902c469571ca23618a4f7a85425b69b2d,0xfffe,0x0100,29020,16,3,142,0,valid
/a/1/3/7,0,/a/1/3/7,266,80687616,556,0e145a476fc5d98620d37f98322efbf812cf597d4b0675beaf87846d3a643885,0xfffe,0x0100,556,16,3,1,0,valid
/a/1/3/8,0,/a/1/3/8,267,80688640,1048,370ebe8f4afad6bf7d4720f0e23177611209eabd08647c194c952340fd102381,0xfffe,0x0100,1048,16,3,1,0,valid
/a/1/3/9,0,/a/1/3/9,268,80690176,20252,6da0ba816a39aa9dc1c110ab99d7ad7d60cbd495a23b7f4f6536fe356f146214,0xfffe,0x0100,20252,16,3,10,0,valid
/a/1/4/0,0,/a/1/4/0,269,80710656,15612,7edd2453333d806330283d43f7ab38667f0e76c9e64586f46b18023b0c5dec26,0xfffe,0x0100,15612,16,3,2,0,valid
/a/1/4/1,0,/a/1/4/1,270,80726528,6844,893af3d58057928f38ce50d9e73d9a0c0dd4b6ead2d001ab076f2c20743c9ee3,0xfffe,0x0100,6844,16,3,566,0,valid
/a/1/4/2,0,/a/1/4/2,271,80733696,118340,eaf8e4be61fc7bad3f7c185e008b9c487c89d6dcba7db843d0802803a4f730f8,0xfffe,0x0100,118340,16,3,31,0,valid
/a/1/4/3,0,/a/1/4/3,272,80852480,123376,d663ab26c9c8e3f38ee8515dbac1899549959eff9c5e39254b3c1d388f935083,0xfffe,0x0100,123376,16,3,60,0,valid
/a/1/4/4,0,/a/1/4/4,273,80975872,204796,0422c7cd46c7dc32c68104de3f60ae6af4eb978be13023a67d0ed7fab787ce58,0xfffe,0x0100,204796,16,3,70,0,valid
/a/1/4/5,0,/a/1/4/5,274,81180672,70104,85cac6bfe0f0812c6ba816efa03d5b6776061280b28a6ad3c1404ee88ffb9b9d,0xfffe,0x0100,70104,16,3,28,0,valid
/a/1/4/6,0,/a/1/4/6,275,81250816,228884,7ec4b5410a750b9d14131c3bc129527376e1a9995d8876f49bab31a113987eae,0xfffe,0x0100,228884,16,3,52,0,valid
/a/1/4/7,0,/a/1/4/7,276,81480192,76584,9e35f06e82892fdc3728d3d1bd4dd4fb74dfe5c5882a1c4bb43b6aca1ca21722,0xfffe,0x0100,76584,16,3,46,0,valid
/a/1/4/8,0,/a/1/4/8,277,81556992,1426856,5b1bbc59de9751db0fd037e702c006ac7b0a21600b850a284551683a358fd466,0xfffe,0x0100,1426856,16,3,222,0,valid
/a/1/4/9,0,/a/1/4/9,278,82983936,51476,e04b48e0d8c1442b3e2c97669e90022f8973f479810ead4d60d3d061f0216138,0xfffe,0x0100,51476,16,3,12,0,valid
/a/1/5/0,0,/a/1/5/0,279,83035648,1036152,2512f57933972cc666fc8316e6857456ce9dc0e1efedb9f55c81de5aefe782fc,0xfffe,0x0100,1036152,16,3,228,0,valid
/a/1/5/1,0,/a/1/5/1,280,84071936,8712,a9cd0028a37357e6bb8f7db1f73cba4574a87a7835825c8aa39436c5bdf12a67,0xfffe,0x0100,8712,16,3,9,0,valid
/a/1/5/2,0,/a/1/5/2,281,84081152,1712,9c03ae3c6fb8a9c05d404d882ebe36981eaa2abc88d0f117a53433a526b5a3f8,0xfffe,0x0100,1712,16,3,10,0,valid
/a/1/5/3,0,/a/1/5/3,282,84083200,50664,fa962e6d596f1f4637e5c29834aee4aa3b537ce9e2aaa1fe58215457b22e2936,0xfffe,0x0100,50664,16,3,38,0,valid
/a/1/5/4,0,/a/1/5/4,283,84133888,101952,ef61a8a717585fa50546fc3da3f07d683caf5ae68f5674d464e2a89b2322a87e,0xfffe,0x0100,101952,16,3,35,0,valid
/a/1/5/5,0,/a/1/5/5,284,84236288,64,82cfd9b2c3109a19ace018b6b9ef3ad20675e0f1b39e04938c2df56a857e2b87,0xfffe,0x0100,64,16,3,1,0,valid
/a/1/5/6,0,/a/1/5/6,285,84236800,104512,1c109e610b9e90094e10b80ff59cab4bbefd69d5f778851519ca40da02ebf3d3,0xfffe,0x0100,104512,16,3,33,0,valid
/a/1/5/7,0,/a/1/5/7,286,84341760,12852,725e5546fa7786ebd75ea7bbbd0accdbb7c544eb5034b4294c66d339498b50ac,0xfffe,0x0100,12852,16,3,7,0,valid
/a/1/5/8,0,/a/1/5/8,287,84355072,12396,b6b586a4c84d91470857cd033966d88654037bcc36d3c8c57b6790a5381cee7f,0xfffe,0x0100,12396,16,3,7,0,valid
/a/1/5/9,0,/a/1/5/9,288,84367872,78288,d895e6f8d299158a3c22f47a02dad41c5d3564ccf666f1d13b2754fe274087a8,0xfffe,0x0100,78288,16,3,7,0,valid
/a/1/6/0,0,/a/1/6/0,289,84446208,65432,6b3777593d93bb68bfd9a132cde60a6025216d7274846b1da91da2f403495a99,0xfffe,0x0100,65432,16,3,10,0,valid
/a/1/6/1,0,/a/1/6/1,290,84511744,5816,5bddde6a915c141260c67e5d679eac1e7f48431f160d6c0876b9a52b3ee2fcff,0xfffe,0x0100,5816,16,3,4,0,valid
/a/1/6/2,0,/a/1/6/2,291,84517888,90916,35de308a33a09a2b6f5781956c64a3fcaecd944b1adec6b6b54b1f5edaf9206e,0xfffe,0x0100,90916,16,3,79,0,valid
/a/1/6/3,0,/a/1/6/3,292,84609024,33388,dc64e25d2e2b414d1abd058930e0762b9e17fe5d078e67279ef0149c625227c8,0xfffe,0x0100,33388,16,3,18,0,valid
/a/1/6/4,0,/a/1/6/4,293,84642816,1408,a4a2205be97741fc8b83e8c540f114c57d2129c4d5db38f33aa8500a57e74a46,0xfffe,0x0100,1408,16,3,4,0,valid
/a/1/6/5,0,/a/1/6/5,294,84644352,1088,87813302dba9c2729ee2ccbf423bd8d936c0688cec4ce37895e5e7b67ac03332,0xfffe,0x0100,1088,16,3,2,0,valid
/a/1/6/6,0,/a/1/6/6,295,84645888,87064,7688efc0419cd1f49fc02775b919fb3ef0d55ede9fda2c9011f870ca8e097919,0xfffe,0x0100,87064,16,3,30,0,valid
/a/1/6/7,0,/a/1/6/7,296,84733440,105092,a589f4653aa41844d5d8c54eb7fa10402456568f481c1161bcd199f6e7ff8810,0xfffe,0x0100,105092,16,3,33,0,valid
/a/1/6/8,0,/a/1/6/8,297,84838912,116304,49880d57b8fd12fe0266822d7b107969b66f49192ae40ae91563c1299fa6201f,0xfffe,0x0100,116304,16,3,15,0,valid
/a/1/6/9,0,/a/1/6/9,298,84955648,15564,67577f85dc5829583bb22dd7a98913e5a6a84de626a5facad58cbe95fce49b5d,0xfffe,0x0100,15564,16,3,554,0,valid
/a/1/7/0,0,/a/1/7/0,299,84971520,1372,186a8f9d9466988f7081d2cd19afaa0de5905d7ca3f61e4283794c6ab5b88cb0,0xfffe,0x0100,1372,16,3,20,0,valid
/a/1/7/1,0,/a/1/7/1,300,84973056,55444,c94ee6a8794a7d38d3843bd5b8873a03d71f966f8817a52091895ec8443ede91,0xfffe,0x0100,55444,16,3,13,0,valid
/a/1/7/2,0,/a/1/7/2,301,85028864,59064,daa190d61c0bfbfb0d4a001903806e6b4dfe5f43f252ea2d19ab27484ebf778b,0xfffe,0x0100,59064,16,3,16,0,valid
/a/1/7/3,0,/a/1/7/3,302,85088256,4984,8af9f7525ff3741acdaf4f530a82fbd89a42f7290ea5b047bc3cf5af34aec33d,0xfffe,0x0100,4984,16,3,10,0,valid
/a/1/7/4,0,/a/1/7/4,303,85093376,518532,6b56c5875f743d649df42192306d9cc9c6703cf9290d5bd528c1a2931dff7e1d,0xfffe,0x0100,518532,16,3,110,0,valid
/a/1/7/5,0,/a/1/7/5,304,85612032,13092,2460a60c0c12774315805069efa8c3f6fb4686b415cabca11ebfaea6d69737c0,0xfffe,0x0100,13092,16,3,90,0,valid
/a/1/7/6,0,/a/1/7/6,305,85625344,24380,904fa5e53ef3dc1923d10aa2c1e37a57ac86fc6e76c2bcf5a7fa438aaceb8944,0xfffe,0x0100,24380,16,3,22,0,valid
/a/1/7/7,0,/a/1/7/7,306,85649920,47800,f2ce525975c8af89cd318fb5220951b2eda5c95efd0d6dade34b25ab0efc7cd0,0xfffe,0x0100,47800,16,3,74,0,valid
/a/1/7/8,0,/a/1/7/8,307,85698048,126732,81c2dc532e5b8defd19c7bc317e7f991432903d6fb0f39315f9f7adc78d9cee1,0xfffe,0x0100,126732,16,3,18,0,valid
/a/1/7/9,0,/a/1/7/9,308,85825024,841192,7b5881a2e626dfeb8e2b6402461ca3e656f93ab7e0d9680e6640e7a00f768af1,0xfffe,0x0100,841192,16,3,319,0,valid
/a/1/8/0,0,/a/1/8/0,309,86666240,44028,4f56f2f03365750f3605c8f50a0bf2df32f67cf2df5651ef3a704e41400f06da,0xfffe,0x0100,44028,16,3,1,0,valid
/a/1/8/1,0,/a/1/8/1,310,86710272,11744,be2ede7ab87e66d4ac5f8d33cbdeffb8730123546a06e90150ec064fe1d9965d,0xfffe,0x0100,11744,16,3,12,0,valid
/a/1/8/2,0,/a/1/8/2,311,86722048,42800,441763c4a5338f5f82f35f17eba7cdf5344eef3e20c3a17a01578f4cd28376dd,0xfffe,0x0100,42800,16,3,11,0,valid
/a/1/8/3,0,/a/1/8/3,312,86765056,844992,a7f46a8c80186350ea0dd21e91c18d62a317552ba988f7f64c6dc34d9e9526a9,0xfffe,0x0100,844992,16,3,197,0,valid
/a/1/8/4,0,/a/1/8/4,313,87610368,48408,ca8ba730196e91bd4d2c4742f2f139bf7cc75bbc5e249e9cffd5143c829760df,0xfffe,0x0100,48408,16,3,65,0,valid
/a/1/8/5,0,/a/1/8/5,314,87659008,3132,f4e4742692bc6bc281907126d4fa5c4f16006b7a832dd75207cb52ba08fbdf5d,0xfffe,0x0100,3132,16,3,1,0,valid
/a/1/8/6,0,/a/1/8/6,315,87662592,91236,de651e7bb614bae1eed2d03787129691f71bf4553af73a816b709dadc0a8f486,0xfffe,0x0100,91236,16,3,49,0,valid
/a/1/8/7,0,/a/1/8/7,316,87754240,191724,8c3a803c0a2c3d5d5600c5d281df52dca9c39f3225ffac1e5430873cc4a439ba,0xfffe,0x0100,191724,16,3,27,0,valid
/a/1/8/8,0,/a/1/8/8,317,87946240,64024,a4f9e4985c64b844909cfc2008cfcfc9f03fe5fc149e81fc3d49667a7db9285a,0xfffe,0x0100,64024,16,3,7,0,valid
/a/1/8/9,0,/a/1/8/9,318,88010752,259696,5e831412b0cf12ed24c44fc063542cea205b113cca341e3697586f32495098af,0xfffe,0x0100,259696,16,3,47,0,valid
/a/1/9/0,0,/a/1/9/0,319,88270848,93268,7afdf9b3a07bf56fb7f88dba385eff34b3df24c82e685400c39ab95a52acaad9,0xfffe,0x0100,93268,16,3,23,0,valid
/a/1/9/1,0,/a/1/9/1,320,88364544,708816,6d63b47a5155582d917cc0d56d25a8e28ae693568fbe299dc474a68235988688,0xfffe,0x0100,708816,16,3,258,0,valid
/a/1/9/2,0,/a/1/9/2,321,89073664,216612,13e502908754b831ef43517d5b8762490756f50e764e15a6f22aaabf7264e4a0,0xfffe,0x0100,216612,16,3,57,0,valid
/a/1/9/3,0,/a/1/9/3,322,89290752,257844,eac58a191d8b5ae095cfa875614fd73a54f65b05cf38f0efa4b04a06535bfc9e,0xfffe,0x0100,257844,16,3,86,0,valid
/a/1/9/4,0,/a/1/9/4,323,102218752,23108,b44492aa09f74d2cf5f41ca13c2f7fc6d8238258c64ef49f2c23c1ac15dccec3,0xfffe,0x0100,23108,16,3,1976,0,valid
/a/1/9/5,0,/a/1/9/5,324,102242304,1684,8dcef49c4815fdd7662b78ad140858fa23fba5971fae866cb6581f3cb0c8f6bd,0xfffe,0x0100,1684,16,3,136,0,valid
/a/1/9/6,0,/a/1/9/6,325,102244352,64420,e942ae3022b4020b85e960e288efacbd54946fd52b0d7a93f01fc6cbafe811dd,0xfffe,0x0100,64420,16,3,7,0,valid
/a/1/9/7,0,/a/1/9/7,326,102308864,26124,435d7b385476242b11085ea19e0d2fad8cab411ce9a486b8cb30abf1088e41b7,0xfffe,0x0100,26124,16,3,13,0,valid
/a/1/9/8,0,/a/1/9/8,327,102335488,101512,999c13e7ec09c7f4a2aafa86ba2ccd562bae6fc75de264bca14a028f509c2819,0xfffe,0x0100,101512,16,3,27,0,valid
/a/1/9/9,0,/a/1/9/9,328,102437376,303008,128959a12885782631c1e47a9f96f1edb4480e944559f7d39f52c630b1dbefab,0xfffe,0x0100,303008,16,3,59,0,valid
/a/2/0/0,0,/a/2/0/0,329,102740480,17040,5fefe70c66946659c32a8d48fcfa9fd8f1bed083f1bc5dd32b189c12b8eb85fc,0xfffe,0x0100,17040,16,3,26,0,valid
/a/2/0/1,0,/a/2/0/1,330,102757888,812032,8422c63b78b94efdbb737babd50873c35892396de643ef46cfaa5d01e9356c15,0xfffe,0x0100,812032,16,3,204,0,valid
/a/2/0/2,0,/a/2/0/2,331,103569920,37160,69d17bcc62e4bb0f246bd6546d1299205413ff1e12bd9655b19f3735a21419b4,0xfffe,0x0100,37160,16,3,315,0,valid
/a/2/0/3,0,/a/2/0/3,332,103607296,22876,db14c00f0c288755fff0d10728605d612aa64fa85ecde42eaff55de16662d9ec,0xfffe,0x0100,22876,16,3,951,0,valid
/a/2/0/4,0,/a/2/0/4,333,103630336,11524,756b1456bc7e219e4c9d13f79d61fd2e7c1911a360bd31a88ae7500f384c67b6,0xfffe,0x0100,11524,16,3,478,0,valid
/a/2/0/5,0,/a/2/0/5,334,103642112,162668,cbd1d1c05ffddc2492b7f113b066c87cd2a56d74bb31655e2f3e6d4887b41eb7,0xfffe,0x0100,162668,16,3,41,0,valid
/a/2/0/6,0,/a/2/0/6,335,103804928,5708,2c8ec477064fc89884f0fb6689b19513514443f3256f0ebf3d88c9a0dbb15324,0xfffe,0x0100,5708,16,3,2,0,valid
/a/2/0/7,0,/a/2/0/7,336,103811072,363436,199e9668c71681416af4d065537d2117b7f71731e8d1554992897d6049be1a8e,0xfffe,0x0100,363436,16,3,208,0,valid
/a/2/0/8,0,/a/2/0/8,337,104174592,36308,8d717b0349d66aee622b03653e4ef3827ab3110ddf0c6927633c0d6d8e905953,0xfffe,0x0100,36308,16,3,30,0,valid
/a/2/0/9,0,/a/2/0/9,338,104210944,71460,618fff4cf05edf5d66801b75162475897f91702d4e9a0b8137c61b5c3555c68f,0xfffe,0x0100,71460,16,3,4954,0,valid
/a/2/1/0,0,/a/2/1/0,339,104282624,420,1a5f793e0d663dcd8378ee1741b5c8f97fb2f718f2afdf1c008a35d9e68815d4,0xfffe,0x0100,420,16,3,1,0,valid
/a/2/1/1,0,/a/2/1/1,340,104283136,21592,110f8f54bef229000d3cffdc00278bc5a72982f20a8a17f12e10db47595edad5,0xfffe,0x0100,21592,16,3,2,0,valid
/a/2/1/2,0,/a/2/1/2,341,104305152,1500,d55be28133fd8a627ef6a95a151571bbc05a7c84230217a25094edf45b51ccdd,0xfffe,0x0100,1500,16,3,1,0,valid
/a/2/1/3,0,/a/2/1/3,342,104306688,15948,9b253618cd7f5bd4e993eba4679b87988a4de2ed46f28a6a007e7aa381fb5e0f,0xfffe,0x0100,15948,16,3,57,0,valid
/a/2/1/4,0,/a/2/1/4,343,104323072,24104,d1e0b98c44bee0319adca7291844db19274e81f91a3f1f85a3795b5e2acb613a,0xfffe,0x0100,24104,16,3,102,0,valid
/a/2/1/5,0,/a/2/1/5,344,104347648,31040,e6eb0f550f7a0e1a29e6b1b974ca54ea55a20c4c8c492bc9de167483e1428c77,0xfffe,0x0100,31040,16,3,19,0,valid
/a/2/1/6,0,/a/2/1/6,345,104378880,129800,b8851291eb5e8dbe10f7a2a1ff1aafed50376ae05babe7e327920649ed773828,0xfffe,0x0100,129800,16,3,140,0,valid
/a/2/1/7,0,/a/2/1/7,346,104508928,115032,fc8e2cb10be8a3f1df5f640cdd5a3c8add093290df98e21a89dc3847130792a9,0xfffe,0x0100,115032,16,3,22,0,valid
/a/2/1/8,0,/a/2/1/8,347,104624128,34524,37e6544f41232dd5609c74a48125485958bc2d40601fd3086f63ccff9ddb450f,0xfffe,0x0100,34524,16,3,11,0,valid
/a/2/1/9,0,/a/2/1/9,348,104658944,130944,6488fa61826ff016f0679b229c61aedd07e2cd6344b49117e8b10812b2e03190,0xfffe,0x0100,130944,16,3,62,0,valid
/a/2/2/0,0,/a/2/2/0,349,104790016,144340,cb485461c656c1feb6219b5583db610870d9177e95502fb55227ee872d053447,0xfffe,0x0100,144340,16,3,236,0,valid
/a/2/2/1,0,/a/2/2/1,350,104934400,61432,ef26df849cc5a59347ac34365e5c7c81cf7b787ecdcc9f038da1cd87ff595f09,0xfffe,0x0100,61432,16,3,1023,0,valid
/a/2/2/2,0,/a/2/2/2,351,104995840,9556,f2eb692d2c50f60bf794931d4c70b64cb7e460ed21cb88a93fa20a5c17e3b913,0xfffe,0x0100,9556,16,3,108,0,valid
/a/2/2/3,0,/a/2/2/3,352,105005568,24012,18c50ef5d0f88700fabe3ba74b0d0ee23c342b104293191feb410ee2a64f24c9,0xfffe,0x0100,24012,16,3,13,0,valid
/a/2/2/4,0,/a/2/2/4,353,105029632,130428,2fcd1fd006c6714efb7505e2720b74d51c6bff2385415060e4fada7076df12c4,0xfffe,0x0100,130428,16,3,18,0,valid
/a/2/2/5,0,/a/2/2/5,354,105160192,2212,1d5942a1e28adafcc79e8c859226a84a9c664cb3cb7fe1c3069ad088a0f14823,0xfffe,0x0100,2212,16,3,20,0,valid
/a/2/2/6,0,/a/2/2/6,355,105162752,4684,bd517d4afbfb516ba943866a2721b54e52041ef00c4dff5640b03c29a331f8ce,0xfffe,0x0100,4684,16,3,3,0,valid
/a/2/2/7,0,/a/2/2/7,356,105167872,392,b37201aaa6e16475ab8414af4205d3fb696471836d6b36709689cfa0077c6034,0xfffe,0x0100,392,16,3,10,0,valid
/a/2/2/8,0,/a/2/2/8,357,105168384,577776,3463c546c112f928f2f8e82ee1638b9739d52dea1d72779704ad3cc36cfb6c1b,0xfffe,0x0100,577776,16,3,540,0,valid
/a/2/2/9,0,/a/2/2/9,358,105746432,4152,dae7d12bc41dc176ac30700e53dd03ea42da4a20d61745d8b02b80ab2e62a3a2,0xfffe,0x0100,4152,16,3,1,0,valid
/a/2/3/0,0,/a/2/3/0,359,105751040,11092,80ae1c4e8f99766a9d319e99acb87bc1d72d86465cf6529283ed7486e89a4a92,0xfffe,0x0100,11092,16,3,12,0,valid
/a/2/3/1,0,/a/2/3/1,360,105762304,556,0583c5513a482a796dc80b7df6215337f3797b9721f9cd27686dc26b42934907,0xfffe,0x0100,556,16,3,1,0,valid
/a/2/3/2,0,/a/2/3/2,361,105763328,21736,8d6a75520b895b744718af4479cacdfe1d8361fd02608dcca6a6ec3a102a79eb,0xfffe,0x0100,21736,16,3,19,0,valid
/a/2/3/3,0,/a/2/3/3,362,105785344,1137628,80df0a57d996d21dc64b2a3369b223656e59798e5e7487a81c0325df6d6eda0c,0xfffe,0x0100,1137628,16,3,60,0,valid
/a/2/3/4,0,/a/2/3/4,363,106923008,102792,55430e8380c0b6cba802d3537756479c932fcd3857c26aaadbf412b4d2ed8649,0xfffe,0x0100,102792,16,3,20,0,valid
/a/2/3/5,0,/a/2/3/5,364,107025920,14688,775bf4b92f6f5c5774260e858f23e63007c1d9111c656e95d98f8b547247f556,0xfffe,0x0100,14688,16,3,27,0,valid
/a/2/3/6,0,/a/2/3/6,365,107040768,24728,3bccb644f78309970bff1e04efaf21d1f801ef66861881dc8d809477c66975af,0xfffe,0x0100,24728,16,3,14,0,valid
/a/2/3/7,0,/a/2/3/7,366,107065856,30012,368171a110fd9364b07c49ee50c488548b821117217b627268a507312a25c58a,0xfffe,0x0100,30012,16,3,18,0,valid
/a/2/3/8,0,/a/2/3/8,367,107096064,419092,b67169d363841091534231af5100fc046818d6a70b829d3b605340bf8b732417,0xfffe,0x0100,419092,16,3,20,0,valid
/a/2/3/9,0,/a/2/3/9,368,107515392,5872,921b2e0f096c6964be030ca527099bfdd767cbc0cd8d3d13d9cec35104527318,0xfffe,0x0100,5872,16,3,16,0,valid
/a/2/4/0,0,/a/2/4/0,369,107521536,21492,4acc5de8b0759b7b47d33a0fa7cdb277119d268ecbb081427cec1ec282ea5f43,0xfffe,0x0100,21492,16,3,25,0,valid
/a/2/4/1,0,/a/2/4/1,370,107543040,4128,499fba5445df6fa6f533bcab3e41b53315cd7293b35e71318c06f5cce093ab4d,0xfffe,0x0100,4128,16,3,8,0,valid
/a/2/4/2,0,/a/2/4/2,371,107547648,7424,5823d0d42d838f15399263bbe2a58f381c6e241d7c666164f35ac4d70537cafb,0xfffe,0x0100,7424,16,3,11,0,valid
/a/2/4/3,0,/a/2/4/3,372,107555328,437100,2c0ce40fd9f770517ae7025e5b2b4b673e8b77e884fadf96f5d5821587a3a8da,0xfffe,0x0100,437100,16,3,27,0,valid
/a/2/4/4,0,/a/2/4/4,373,107992576,84324,c1751e8323624d38d61b536753c19ed0dbf36377886e9a39c96af48ebbdce9de,0xfffe,0x0100,84324,16,3,7,0,valid
/a/2/4/5,0,/a/2/4/5,374,108077056,2484480,6f2114db357c0595ea7a6ffbc57a793c9cab94698623f89cc6bb05b0ce8c8fcf,0xfffe,0x0100,2484480,16,3,208,0,valid
/a/2/4/6,0,/a/2/4/6,375,110561792,79436,8ded12af6969549ba32693bb5b7cc1178f90384e775f962fba505c6846886096,0xfffe,0x0100,79436,16,3,60,0,valid
/a/2/4/7,0,/a/2/4/7,376,110641664,18248,5234e549af8189429f3ca9c1d0f96c266449f09229292329930eeaa8f9782f59,0xfffe,0x0100,18248,16,3,24,0,valid
/a/2/4/8,0,/a/2/4/8,377,110660096,135724,a66e5110b3b6a1cfc8a2be2cc8d26b0b7ccea8d167e8f143af62e6c3f231dee8,0xfffe,0x0100,135724,16,3,540,0,valid
/a/2/4/9,0,/a/2/4/9,378,110796288,21440,e53d27ad7d68aa49d98e7edb25c4cdf3ad810dc8288f441c9efbe4fd969bcefe,0xfffe,0x0100,21440,16,3,26,0,valid
/a/2/5/0,0,/a/2/5/0,379,110817792,5368,e9b201e1e41ecf59bbe8b0d505531882b5574febfec57ba116845af5397b6294,0xfffe,0x0100,5368,16,3,11,0,valid
/a/2/5/1,0,/a/2/5/1,380,110823424,4268,cb3eeeb95c54f3c7416a43b55363d2c8b02c38709d6665b7de161454b4cd7bd4,0xfffe,0x0100,4268,16,3,8,0,valid
/a/2/5/2,0,/a/2/5/2,381,110828032,31780,c7ef4ee6da86eb518c8b85fe7b65da7d0e6cacd6711377ea713195af7c69924d,0xfffe,0x0100,31780,16,3,540,0,valid
/a/2/5/3,0,/a/2/5/3,382,110860288,6532,bf39947e7b3163f616cbbb61d63e4220e0f3d534837bb91befdffb4e274eede3,0xfffe,0x0100,6532,16,3,540,0,valid
/a/2/5/4,0,/a/2/5/4,383,110866944,2284,88e7b8100cf7e5a676735f4544372216d99ff36857584319c536b0b9a02be471,0xfffe,0x0100,2284,16,3,93,0,valid
/a/2/5/5,0,/a/2/5/5,384,110869504,5712,99041ec2ee08fc88ee825eda5e36582b96fffa637cfbabc07dce43542ff049f7,0xfffe,0x0100,5712,16,3,8,0,valid
/a/2/5/6,0,/a/2/5/6,385,110875648,538984,7f039e3f18676c20654e0d5e8edfbe4f280890a4dcd857d147cff773000b67bd,0xfffe,0x0100,538984,16,3,664,0,valid
/a/2/5/7,0,/a/2/5/7,386,111414784,2640,c921eedb15c59a8271cf7c998009e5b6566351a3feb9c74d1d13036e4c546891,0xfffe,0x0100,2640,16,3,7,0,valid
/a/2/5/8,0,/a/2/5/8,387,111417856,1652,d5586dab2f57542c631741eaecacce31e1f1488a27baaf87189766ba70e0c7d1,0xfffe,0x0100,1652,16,3,100,0,valid
/a/2/5/9,0,/a/2/5/9,388,111419904,4348,277eab750f6e5ed0dd59f45d6d86ded96b3ef7ef884ac550f383ae0358017d15,0xfffe,0x0100,4348,16,3,8,0,valid
/a/2/6/0,0,/a/2/6/0,389,111424512,4776,9fa02f0ac1a370601283955eb0f8f3e0d35c1151152235daf6c97b7cf860d4ba,0xfffe,0x0100,4776,16,3,10,0,valid
/a/2/6/1,0,/a/2/6/1,390,111429632,1300,f0d3d69f4af642c54575d380cb0fca1aeac08d281b1f60fefb1d5b54bc136b2d,0xfffe,0x0100,1300,16,3,3,0,valid
/a/2/6/2,0,/a/2/6/2,391,111431168,402120,53ae25bcb86f84c40ce07e7e7997845601b75c3766ea805dc3077473f57e33c9,0xfffe,0x0100,402120,16,3,106,0,valid
/a/2/6/3,0,/a/2/6/3,392,111833600,194880,5766be0aeba4b0926dbadf17db8f4354384ba4c9171fdd24fb375f2b42daf207,0xfffe,0x0100,194880,16,3,192,0,valid
/a/2/6/4,0,/a/2/6/4,393,112028672,14484,b983721af8f94e430cb8443828b592321827c260ab87c9dcac2265050fa2a0b5,0xfffe,0x0100,14484,16,3,18,0,valid
/data/arealight.narc,0,/data/arealight.narc,397,3290624,8376,a8cf7c77d702ad19247950ae5390c484fcd5abbd80592a9d1196cf9ed39e452d,0xfffe,0x0100,8376,16,3,4,0,valid
/data/demo_climax.narc,0,/data/demo_climax.narc,403,3315712,472620,18d011c800914e0410979a16996dcdf6cca15ba384aa85d9973a769ab6def94e,0xfffe,0x0100,472620,16,3,20,0,valid
/data/field_cutin.narc,0,/data/field_cutin.narc,411,4267008,34312,6297f2dfeda5bfcef7ffa690a05f003567da4b276117937ce3b17916e4db6b2a,0xfffe,0x0100,34312,16,3,26,0,valid
/data/fldtanime.narc,0,/data/fldtanime.narc,412,4301824,20252,6da0ba816a39aa9dc1c110ab99d7ad7d60cbd495a23b7f4f6536fe356f146214,0xfffe,0x0100,20252,16,3,10,0,valid
/data/guru2.narc,0,/data/guru2.narc,417,4361216,191724,8c3a803c0a2c3d5d5600c5d281df52dca9c39f3225ffac1e5430873cc4a439ba,0xfffe,0x0100,191724,16,3,27,0,valid
/data/kowaza.narc,0,/data/kowaza.narc,419,4553728,4152,dae7d12bc41dc176ac30700e53dd03ea42da4a20d61745d8b02b80ab2e62a3a2,0xfffe,0x0100,4152,16,3,1,0,valid
/data/slot.narc,0,/data/slot.narc,432,4614144,88388,58689fa964a5f8591ec61b443b3c5ee2452c4b64400523b01125fdda0007ec2f,0xfffe,0x0100,88388,16,3,77,0,valid
/data/tradelist.narc,0,/data/tradelist.narc,449,4728320,11484,d031d0a7095813d323307464003b70d2577dc3d67c7c5bfc7bc6c4b244999009,0xfffe,0x0100,11484,16,3,13,0,valid
/data/trapmark.narc,0,/data/trapmark.narc,450,4740096,612,6f577df39a0bc2efb3605011ec4b424575c4316d5c361f88a461d7ac89455a79,0xfffe,0x0100,612,16,3,1,0,valid
/data/ug_anim.narc,0,/data/ug_anim.narc,451,4741120,23680,cd49b51638dcf62c8f98725b613496d430b88ceab8c890d152f615548c69fb89,0xfffe,0x0100,23680,16,3,8,0,valid
/data/ug_fossil.narc,0,/data/ug_fossil.narc,455,4773376,16088,4f48a58a7eaedfe8274d27bc35ca478f9d66e677a8fe766f3fd8ceaaf6642236,0xfffe,0x0100,16088,16,3,3,0,valid
/data/ug_parts.narc,0,/data/ug_parts.narc,461,4793344,133020,6aef71920a64161cb0879222c36a89a2b6a2be34db605b8ad68766c2b5f2c68d,0xfffe,0x0100,133020,16,3,116,0,valid
/data/ug_radar.narc,0,/data/ug_radar.narc,462,4926464,14440,38c022b32cbfb6be13a80aef230dceb386785284da947a1357a44d8a6019fec2,0xfffe,0x0100,14440,16,3,7,0,valid
/data/ug_trap.narc,0,/data/ug_trap.narc,463,4941312,121772,41fd698d83b7f883100b7cd2d2796486ac6fd2293da4736e1fda7bbaee571fc3,0xfffe,0x0100,121772,16,3,53,0,valid
/data/ugeffect_obj_graphic.narc,0,/data/ugeffect_obj_graphic.narc,464,5063168,19816,7b5ddd52efc8daeb79eb517c71f72c2f6da461a4723eb80cc72ef7ea065d2ffb,0xfffe,0x0100,19816,16,3,9,0,valid
/data/underg_radar.narc,0,/data/underg_radar.narc,465,5083136,41524,f02b453a55678f112c31b7a78b794d132b25212641a767f83f3cf42017cd704d,0xfffe,0x0100,41524,16,3,7,0,valid
/data/weather_sys.narc,0,/data/weather_sys.narc,468,6055424,63656,a52f8b2f311a1397a1a97a011d904f5ca28e6674239f16605515a5b5eeee59c3,0xfffe,0x0100,63656,16,3,59,0,valid
/data/wifinote.narc,0,/data/wifinote.narc,470,6120448,14668,85e6f3744806c16014eff71abcfe70e4cd7b60cc80bebdb542617f92df00c82b,0xfffe,0x0100,14668,16,3,12,0,valid
/data/wifip2pmatch.narc,0,/data/wifip2pmatch.narc,471,6135296,150964,448fd2c485a3758b5cefe0ff9d17a389e46ae59cf3c789a865cd5d9874cd91b9,0xfffe,0x0100,150964,16,3,48,0,valid
/fielddata/build_model/bm_field.narc,0,/fielddata/build_model/bm_field.narc,479,14957568,2397304,c750b0cd588c9dd42dfcae5a334f2eb504c5bdc943a9f529c4479020863bee9a,0xfffe,0x0100,2397304,16,3,340,0,valid
/fielddata/build_model/bm_room.narc,0,/fielddata/build_model/bm_room.narc,481,17355264,1426856,5b1bbc59de9751db0fd037e702c006ac7b0a21600b850a284551683a358fd466,0xfffe,0x0100,1426856,16,3,222,0,valid
/msgdata/scenario/scr_msg.narc,0,/msgdata/scenario/scr_msg.narc,485,14950400,6748,89e84ab4475c85ad4358761c89c69c16f51c024041d2081a1da6ad1ad51b7cba,0xfffe,0x0100,6748,16,3,16,0,valid
/pbr/b_plist_gra.narc,0,/pbr/b_plist_gra.narc,486,112043520,74408,1786a3fdf7ddfbdb88e4c723ea7e16ebf9b4b45599264aac7bdeb523db57b300,0xfffe,0x0100,74408,16,3,28,0,valid
/pbr/bag_gra.narc,0,/pbr/bag_gra.narc,487,112118272,105588,eeae9d36baa1022ff4827cbdc6eb7d28a33823606468acaedfa3eb808cb755e8,0xfffe,0x0100,105588,16,3,39,0,valid
/pbr/batt_bg.narc,0,/pbr/batt_bg.narc,488,112224256,640124,bcf2c24ae32b38a546b9b293b16af3782b706fd6dc5ec9d58c1e245655ce05ab,0xfffe,0x0100,640124,16,3,257,0,valid
/pbr/batt_obj.narc,0,/pbr/batt_obj.narc,489,112864768,131652,ed8f501abdfaf4d9b1880ba24699cdd6e4e592a378008263e10ac7a55587e5c3,0xfffe,0x0100,131652,16,3,279,0,valid
/pbr/font.narc,0,/pbr/font.narc,490,112996864,759840,97b5d1de58b7e625daf6b5894635bc139dab283ff060976c8dfe8fe4e6c41d6a,0xfffe,0x0100,759840,16,3,10,0,valid
/pbr/growtbl.narc,0,/pbr/growtbl.narc,491,113757184,3348,ce5c612e32e537da3cdf7808c3f21ab217e83a75ead56027d98a7d84bb1b55d6,0xfffe,0x0100,3348,16,3,8,0,valid
/pbr/item_data.narc,0,/pbr/item_data.narc,492,113760768,19500,a6cfe6df97f24b191d782fe0ab14a9c067a9b496afd12180b4904f56e8740c7e,0xfffe,0x0100,19500,16,3,442,0,valid
/pbr/msg.narc,0,/pbr/msg.narc,493,113780736,1449056,338980041f88e4efafab074450286e0f1f0a0349076a794a773d726939c166e0,0xfffe,0x0100,1449056,16,3,612,0,valid
/pbr/otherpoke.narc,0,/pbr/otherpoke.narc,494,101327872,890604,cab7af2e4fef1878af6a7002eecc24c7a1c879166aaf5dfd61ebdc0bd4b92681,0xfffe,0x0100,890604,16,3,213,0,valid
/pbr/personal.narc,0,/pbr/personal.narc,496,115230720,26104,9bc883e846af6cc0810251c8ce05663ceadacac0f47dd83a24a93fa0cea75392,0xfffe,0x0100,26104,16,3,501,0,valid
/pbr/plist_gra.narc,0,/pbr/plist_gra.narc,497,115256832,40108,afc98cdfaa34fe70ebc99f219682c3ce989b648ad91fcfcfb42bfd81294f4cf5,0xfffe,0x0100,40108,16,3,24,0,valid
/pbr/poke_anm.narc,0,/pbr/poke_anm.narc,498,115297280,25412,32606834ed99b654238499e3b42610d984b61c2cf3f67368f091ccf58e9af217,0xfffe,0x0100,25412,16,3,134,0,valid
/pbr/poke_icon.narc,0,/pbr/poke_icon.narc,499,115322880,577776,3463c546c112f928f2f8e82ee1638b9739d52dea1d72779704ad3cc36cfb6c1b,0xfffe,0x0100,577776,16,3,540,0,valid
/pbr/pokeanm.narc,0,/pbr/pokeanm.narc,500,115900928,13892,25af2f6e78a5a8eab609313a6e21b103604753686088ef4c51f212c89c109011,0xfffe,0x0100,13892,16,3,1,0,valid
/pbr/pokegra.narc,0,/pbr/pokegra.narc,501,89548800,11778676,71e0090fbcbdf63d74c58ad78b5d256d8da09d3d028cc18faf6f5dcd99e8c424,0xfffe,0x0100,11778676,16,3,2964,0,valid
/pbr/poketch.narc,0,/pbr/poketch.narc,502,123576320,59468,a10047668e5d0091fefc4fa8ad5c662f27c226fd984b51c1443c68add50e6dd3,0xfffe,0x0100,59468,16,3,126,0,valid
/pbr/pokezukan.narc,0,/pbr/pokezukan.narc,503,115915264,1048,a8072ca83eccb60cc3d94b0c7be53807e9d39e0895bc82551fd168db54eea381,0xfffe,0x0100,1048,16,3,1,0,valid
/pbr/pst_gra.narc,0,/pbr/pst_gra.narc,504,115916800,127152,e83530ff8e24ad7cdc88f1f46f3ce7573695e9e63dfbc5e87f39cee72c227b92,0xfffe,0x0100,127152,16,3,137,0,valid
/pbr/waza_tbl.narc,0,/pbr/waza_tbl.narc,506,123529216,11356,f9f6a37e8b8170558ce14c4be35c890ff59cc97508a4aa237fdac945dfdffe54,0xfffe,0x0100,11356,16,3,471,0,valid
/pbr/winframe.narc,0,/pbr/winframe.narc,507,123540992,35044,656ad458e1a40d6f30adcfa01f958ab01b205721e28ce804833f3cc5c95dfede,0xfffe,0x0100,35044,16,3,50,0,valid
/pbr/zukan.narc,0,/pbr/zukan.narc,508,123636224,73536,7fa5f1c902fde5f4aaa2c88007603d1d1c49af8f1a487513c2292bed5dc3ee09,0xfffe,0x0100,73536,16,3,130,0,valid
