table_index,overlay_id,ram_address,ram_end,ram_size,bss_size,static_init_start,static_init_end,file_id,file_path,file_offset,file_size,file_sha256,compressed_size_field,flags,compression_flag
0,0,35545856,35767296,216448,4992,35745272,35745276,0,__unmapped__/file_00000,786432,129736,403b0b98dd0428c9cb6bb1c6c381245483a6f8673f1ec16231ef756747a91087,129736,1,True
1,1,35545856,35939712,148064,245792,35693072,35693076,1,__unmapped__/file_00001,916480,110496,836133d739fe0a1da379b583133327c18320c7c2e1ec5805023506083967b843,110496,1,True
2,2,35939712,35997728,58016,0,35997564,35997568,2,__unmapped__/file_00002,1027072,42968,5a68790ae3e6c8c9d1e02c615e77ecdc51048207323a00a0b6bb8460521fe874,42968,1,True
3,3,35997728,36020736,22976,32,36020556,36020560,3,__unmapped__/file_00003,1070080,16752,2452eddf0c79661725f36076c5c1a0a83e9927b531a780bfd5d2fa5c1a76ca66,16752,1,True
4,4,35997728,36013440,15712,0,36013412,36013416,4,__unmapped__/file_00004,1086976,11836,8c40e405e8afd060ad075a1c426203e5c820d49d84f5763cd65c549bd04bb773,11836,1,True
5,5,35767296,35781760,14464,0,35781752,35781756,5,__unmapped__/file_00005,1099264,10008,e01c71909236607f3eed5af65846e2578b6a32a0b9c17bcc579bc67a986a8c27,10008,1,True
6,6,35767296,35768352,1056,0,35768344,35768348,6,__unmapped__/file_00006,1109504,780,2e6d2404e63aeca470001a17d9dab1cf90fb186df53d468c6eb4fb667752dfe6,780,1,True
7,7,35768352,35881664,113312,0,35881532,35881536,7,__unmapped__/file_00007,1110528,78560,5b84c2be8c3c7d70559df73c865473d5409cf8f2357f401bbd14a707886bc6fa,78560,1,True
8,8,35768352,35809600,41248,0,35809592,35809596,8,__unmapped__/file_00008,1189376,29364,46965fcaf1900d8a9d3cc1bf8e9cc5dfa65c28675be555b7251af6754bcc4c1f,29364,1,True
9,9,35768352,35768384,32,0,35768352,35768356,9,__unmapped__/file_00009,1219072,20,07d1d94d7d3269a1155925f01090a020e40387e8e8998fc3b4a1a3c633ca4d46,20,1,True
10,10,35768352,35830912,62560,0,35830888,35830892,10,__unmapped__/file_00010,1219584,27656,3d8bf823616c34b2142a85f9492e32d3fcb8acb73c857b8ff96110849f659cfc,27656,1,True
11,11,35545856,35545888,32,0,35545856,35545860,11,__unmapped__/file_00011,1247744,20,07d1d94d7d3269a1155925f01090a020e40387e8e8998fc3b4a1a3c633ca4d46,20,1,True
12,12,35881664,36107840,226176,0,36107788,36107796,12,__unmapped__/file_00012,1248256,162540,f28b776f3dcea17446461125b70fc16bf4d858859e924db380517537b7293a36,162540,1,True
13,13,35767296,35979360,178816,33248,35939172,35939176,13,__unmapped__/file_00013,1411072,110580,bfa88af54416cd479b03e5f3a28a4ebdc3dbda11123860a0528e372b41aeead7,110580,1,True
14,14,35545856,35626368,80512,0,35626336,35626340,14,__unmapped__/file_00014,1521664,51568,b448642e37ced5ea00661193b62fd36e687bcb2a616bae5ded635a9a87dc71c4,51568,1,True
15,15,35626368,35659424,33024,32,35659000,35659004,15,__unmapped__/file_00015,1573376,22892,f5d8d30e114f266e61a921e21fdfb0ea507229c9431083261e909bf46ef831e6,22892,1,True
16,16,35659424,35661248,1824,0,35661192,35661196,16,__unmapped__/file_00016,1596416,1520,95bc2e60da572b51043ec9d07d6ff458303142df6f9ac670f6315a5b15aa2d94,1520,1,True
17,17,35661248,35670496,9248,0,35670468,35670472,17,__unmapped__/file_00017,1597952,6692,65281dec1bc5399664fb862f5f4506c96de0057b00077f12543ae3d59b0ae24d,6692,1,True
18,18,35545856,35636384,90528,0,35636368,35636372,18,__unmapped__/file_00018,1605120,58952,34acffb8ca1efdb562512ce5207d2f5007f6494ad80e283649c47382a2f5555e,58952,1,True
19,19,36020736,36022944,2208,0,36022912,36022916,19,__unmapped__/file_00019,1664512,1928,43f7515e74ddfcb8ec21c30f6f6be623276bdc940dbc554a44dd8ce19b0e36de,1928,1,True
20,20,36020736,36021728,992,0,36021720,36021724,20,__unmapped__/file_00020,1666560,876,55c2b71065421dae2edd1caa89d357d4d70514fd59a42ff435b3eccde8cc0510,876,1,True
21,21,36020736,36021088,352,0,36021068,36021072,21,__unmapped__/file_00021,1667584,324,4a3d65a28ee7d55a4a809844e5146b7ae4649231696be821406d8f5554938037,324,1,True
22,22,36020736,36021440,704,0,36021436,36021440,22,__unmapped__/file_00022,1668096,444,98f1185818dfcee73bc2371403a8706ca8cb6471fd6e911b20b9cce64a01a7d7,444,1,True
23,23,36020736,36021952,1216,0,36021948,36021952,23,__unmapped__/file_00023,1668608,1160,3b04cea9fd317906321237031e2bf69940391262c2773cd2ca8bc6299908b8e6,1160,1,True
24,24,36020736,36022464,1728,0,36022396,36022400,24,__unmapped__/file_00024,1670144,1688,4d03ec1829446d3c0ba5573944d645bd0a271877cf11c999080f6f81a759b623,1688,1,True
25,25,36020736,36022368,1632,0,36022364,36022368,25,__unmapped__/file_00025,1672192,1420,f68c4b69069d7436f694247d74796f37976e00575dbdb79d6b4354ebf211d344,1420,1,True
26,26,36020736,36022048,1312,0,36022016,36022020,26,__unmapped__/file_00026,1673728,1220,c133e921b5ad257bcfb97dba31fbc7899f47475ea6aba517a165b35ac26c0d9b,1220,1,True
27,27,36022464,36036192,13728,0,36036012,36036016,27,__unmapped__/file_00027,1675264,10120,7617243642a0d85bda243692567a551413cf8fb281c63fcd412f97aa3eaad0fb,10120,1,True
28,28,36036192,36041952,5760,0,36041932,36041936,28,__unmapped__/file_00028,1685504,4816,d48839b092d5658d1e35636eed214c40beec0f11c708b539383f5074f711d6e9,4816,1,True
29,29,36036192,36039776,3584,0,36039748,36039752,29,__unmapped__/file_00029,1690624,3184,29397a80ffbd7f31e26bea3567b38db25a32855ed9da46a1efa44e9b08a2c744,3184,1,True
30,30,36036192,36038176,1984,0,36038080,36038084,30,__unmapped__/file_00030,1694208,1536,b624676a4529156351e617176a96db1ed5ca073e525eebd05779157d2840b85b,1536,1,True
31,31,36036192,36043104,6912,0,36042852,36042856,31,__unmapped__/file_00031,1695744,4932,1f53ffa773b4341d62bee014836e37d714c730be917a2943180fe92f989ceb94,4932,1,True
32,32,36036192,36039712,3520,0,36039708,36039712,32,__unmapped__/file_00032,1700864,3056,1bdd7be6f7f1d2f9e922747aca136bca5996b6117db96744d6e4f4daf9f1994b,3056,1,True
33,33,36036192,36037632,1440,0,36037628,36037632,33,__unmapped__/file_00033,1703936,1304,3971743424a53f7caac213ebaf9d6a6ac8c0145d0b49f25b2d2beacb33c58d29,1304,1,True
34,34,36036192,36040864,4672,0,36040848,36040852,34,__unmapped__/file_00034,1705472,4088,b9a6cec1e6360958d549642af118a66854267610c6015cccb63e0243838577f9,4088,1,True
35,35,36021952,36022016,64,0,36022012,36022016,35,__unmapped__/file_00035,1709568,64,5de8a51eb1ba992659ea3dfd4ec5455ac3eb98d6e95b6c3dbdbb049788c7e54a,0,0,False
36,36,35545856,35546720,864,0,35546688,35546692,36,__unmapped__/file_00036,1710080,780,1e1df20a344e188b185f9d7f8c3e604335bfd89446a0ac77c75cb7d7c0aa444c,780,1,True
37,37,35545856,35555296,9440,0,35555080,35555084,37,__unmapped__/file_00037,1711104,7396,24a127ce432f418795881521bc9b9d84ed1e57ab3c3c30f0d2d403e1c4bc9465,7396,1,True
38,38,35767296,35813984,42528,4160,35805732,35805736,38,__unmapped__/file_00038,1718784,26124,416e335f5df7fa08bc4c62c7e9409bcf462e0368967adf8697637de4718c556e,26124,1,True
39,39,35813984,35832032,15136,2912,35828752,35828756,39,__unmapped__/file_00039,1745408,10908,1c555591cf653861757f15d1e318819c468a03227e3086f2862af6189b2307e6,10908,1,True
40,40,35832032,35940608,108576,0,35940112,35940116,40,__unmapped__/file_00040,1756672,74864,2a1cf829ca8689126245761896c3f877e902a56f8d50bf18aada66a664ea940b,74864,1,True
41,41,35940608,35965696,25088,0,35965688,35965692,41,__unmapped__/file_00041,1831936,20560,600eef602bfbed16060e427a9dbce8222630a0ec57fdbd31a74b24e6c8e14adb,20560,1,True
42,42,35813984,35825888,11904,0,35825880,35825884,42,__unmapped__/file_00042,1852928,8776,f38677a5d7f58e18a59cb2f94c64a34b3e9cdead82d526d90f8d3df46acba148,8776,1,True
43,43,35825888,35847136,21248,0,35846872,35846876,43,__unmapped__/file_00043,1862144,15832,b89b4e77ad723ec560aea963e317bf3c7dc115ab2370c4e26e9f23ad76695588,15832,1,True
44,44,35825888,35877568,51648,32,35876956,35876960,44,__unmapped__/file_00044,1878016,33968,db3cb043a89b0c2c37adb6c876289eb0b17edb5c444d66bbeff2395e54ec9040,33968,1,True
45,45,35825888,36016640,186592,4160,36001820,36001824,45,__unmapped__/file_00045,1912320,108072,8e0fdd9bbae9dceda30e007a30015989dce2b7a379419411ceb17dedab4328ea,108072,1,True
46,46,36016640,36020288,3648,0,36020268,36020272,46,__unmapped__/file_00046,2020864,2884,4466c4f144c758be995244b74519ca3b16c945edee72130fe8b151f6081cf9d5,2884,1,True
47,47,36016640,36022720,6080,0,36022664,36022668,47,__unmapped__/file_00047,2023936,4988,cd40a1d66918a8b8cd62497d09f54a56bf66838475f15a3440e702c5131748eb,4988,1,True
48,48,36016640,36028288,11648,0,36028276,36028280,48,__unmapped__/file_00048,2029056,9544,e7a9f8bda8e13cb2d09f06c05e17c2bcaa9ab550a4c1c3f6d74bef8b35974362,9544,1,True
49,49,36016640,36090624,73984,0,36090616,36090620,49,__unmapped__/file_00049,2038784,54984,0cf6ea4ecd1e72eb1c3dcbdf615a9536814a21083b1f9563f27188870d5bee42,54984,1,True
50,50,35545856,35546304,448,0,35546284,35546288,50,__unmapped__/file_00050,2094080,428,2ec926045ce0efa437eb24928b0ab9f8f0225141c645522d382e05869b2a3f6c,428,1,True
51,51,35546304,35556064,9760,0,35556012,35556016,51,__unmapped__/file_00051,2094592,7648,591ac6f54d5cd2b6b9c1e4ae03cb63f620f60efd73b49dcd62d34b4d56ce3004,7648,1,True
52,52,35556064,35561728,5664,0,35561664,35561668,52,__unmapped__/file_00052,2102272,4544,501011d8affdfd5a3c0910b5178c0b145d7169ad5917a34b338976ec85a21287,4544,1,True
53,53,35545856,35558048,12192,0,35558024,35558028,53,__unmapped__/file_00053,2106880,9512,db351c5be3e32c84f2722481533076ce4055c8e0dab71d3022be96b89b6760d5,9512,1,True
54,54,35545856,35551840,5984,0,35551828,35551832,54,__unmapped__/file_00054,2116608,4420,0a0cdb420563a84559ed63930bd1ea3eff94541a3cd733efca83138af654e463,4420,1,True
55,55,35545856,35546656,800,0,35546644,35546648,55,__unmapped__/file_00055,2121216,784,29a2d0a907af39bef66bdac7453fd747cb7ac69efbd040c19189dd1934c6dc5e,784,1,True
56,56,35546656,35551520,4864,0,35551500,35551504,56,__unmapped__/file_00056,2122240,3928,10ac52b45a49f3912bddb3efe28a6533956f22734cdebdbdacf9e366c604ae41,3928,1,True
57,57,35881664,35899712,18048,0,35899688,35899696,57,__unmapped__/file_00057,2126336,13888,23639c36c3cf1387b561b74dec657a017920f46e236c5a367cc7817a21ccc0a1,13888,1,True
58,58,35881664,35882816,1152,0,35882812,35882816,58,__unmapped__/file_00058,2140672,1064,a4c83b682089eb182638d69ac61d261ab7937859d119a8bb80e2633c9a9768d4,1064,1,True
59,59,35882816,35902880,20064,0,35902824,35902828,59,__unmapped__/file_00059,2142208,14952,ea80220b2f3902e0a2d79923815808ac0546768af80484d8a261eef2c50bb2c3,14952,1,True
60,60,35545856,35570240,24384,0,35570176,35570180,60,__unmapped__/file_00060,2157568,16784,fadf0e55042a8fd18c4bfe694abaab421bd986f44a2bdf13cb6beece85428983,16784,1,True
61,61,35545856,35552960,7104,0,35552956,35552960,61,__unmapped__/file_00061,2174464,5956,0d14d6d6a337d7af059348065a27cf9748e7b050ba39863d6a8097c8060a68a7,5956,1,True
62,62,35545856,35549952,4064,32,35549916,35549920,62,__unmapped__/file_00062,2180608,3096,6f5857b302dcd0dddfc61d26a72b4de98d77eab1aae7470667fb3850b24693fa,3096,1,True
63,63,35768352,35786240,17856,32,35786156,35786160,63,__unmapped__/file_00063,2184192,12232,0edbecd9003bd295ff14521a37eb77733bceaaba3fad0b63d221c965eacd8a4c,12232,1,True
64,64,35545856,35552896,7040,0,35552888,35552892,64,__unmapped__/file_00064,2196480,4868,fce5f52f2d87c192a7a1945ea71f9cc6901987bc0bc9b69f66467ee4e9404b96,4868,1,True
65,65,35768352,35785632,17280,0,35785616,35785620,65,__unmapped__/file_00065,2201600,13096,2a3bb4624a610ec6159b6ca3827231f5c54715c8fa95bb3cd14427c365254f82,13096,1,True
66,66,35545856,35545888,32,0,35545856,35545860,66,__unmapped__/file_00066,2214912,20,07d1d94d7d3269a1155925f01090a020e40387e8e8998fc3b4a1a3c633ca4d46,20,1,True
67,67,35545856,35552064,6208,0,35552056,35552060,67,__unmapped__/file_00067,2215424,4832,b0bdabb47dfa622820b7812d953bdb280acd0b952b0f817d29c7e22cfe39e381,4832,1,True
68,68,35545856,35556096,10240,0,35556068,35556072,68,__unmapped__/file_00068,2220544,7424,36008de36e856d44d3c20f15f53f44fcb95c5a9a5cf4e0cdc588f9cb688c79da,7424,1,True
69,69,35545856,35553760,7904,0,35553744,35553748,69,__unmapped__/file_00069,2228224,6456,e54f52b0bd2c2a2cc0920b8b43eddd3b7f03609b24025b83655e93174e3b35e2,6456,1,True
70,70,35881664,35943456,61440,352,35941212,35941216,70,__unmapped__/file_00070,2234880,42780,6b8b6303929817395aece021fc531c40d58a259bbd48df20b7286b6c6aef12f7,42780,1,True
71,71,35943456,35965856,22240,160,35965636,35965640,71,__unmapped__/file_00071,2277888,16156,f616a03c512d8867c744a59aa45c0eba354d37c21b3d2a8f12d2d0da929cfa2f,16156,1,True
72,72,35881664,35898144,16192,288,35897000,35897004,72,__unmapped__/file_00072,2294272,11696,c0b89033e392f42b42f48777811ce60734e98ceca3974e844921a50535aa5e90,11696,1,True
73,73,35545856,35566432,20544,32,35566012,35566016,73,__unmapped__/file_00073,2306048,15276,611878406c7b16dad41ac7dadc5112a3a0c6ab9d0f3f87cc2b5f5b9a3d193076,15276,1,True
74,74,35813984,35910656,90144,6528,35898788,35898792,74,__unmapped__/file_00074,2321408,67460,2914c784f935a70b1fdc70977ae80b4e36bfa6df86300857394afb488d495784,67460,1,True
75,75,35943456,35956416,12928,32,35956164,35956168,75,__unmapped__/file_00075,2388992,9048,69956415b883899a5553290c86dc96acf98c20ccca5ec476d043af7a634b0a30,9048,1,True
76,76,35545856,35557664,11808,0,35557636,35557640,76,__unmapped__/file_00076,2398208,7624,2ed0bed3b6122d2f93b0e918a8e4897a6a5b850f0c3f41e2b90a2b3993a0c7dc,7624,1,True
77,77,35545856,35545888,32,0,35545856,35545860,77,__unmapped__/file_00077,2405888,20,07d1d94d7d3269a1155925f01090a020e40387e8e8998fc3b4a1a3c633ca4d46,20,1,True
78,78,35545856,35550016,4160,0,35549980,35549984,78,__unmapped__/file_00078,2406400,3236,4bbb18f0211da97065622c7807596e7530120b63b4a226d04a09bb9c2d2f3685,3236,1,True
79,79,35825888,35825920,32,0,35825888,35825892,79,__unmapped__/file_00079,2409984,20,07d1d94d7d3269a1155925f01090a020e40387e8e8998fc3b4a1a3c633ca4d46,20,1,True
80,80,35825888,35907424,81504,32,35907092,35907096,80,__unmapped__/file_00080,2410496,61560,444644e030c70cb68973f5b78e88645dd3feca0c38796ab71c79caf181fd5bc5,61560,1,True
81,81,35907424,35930720,23296,0,35930704,35930708,81,__unmapped__/file_00081,2472448,16384,edcb8b6dc63931787c0f09e073ee6d50acc92102b6bb2c2db71141e4392507cc,16384,1,True
82,82,35907424,35916064,8640,0,35916056,35916060,82,__unmapped__/file_00082,2488832,6984,614c121910acd97339393accf29094558b3c00ae39ee5e0147cd16814ca0bc74,6984,1,True
83,83,35907424,35950688,43264,0,35950680,35950684,83,__unmapped__/file_00083,2496000,31540,c3553d719384ec9abdb7a25a5111fcb9830de081372d91218795e3384c4e7208,31540,1,True
84,84,35907424,35914816,7360,32,35914756,35914760,84,__unmapped__/file_00084,2527744,5820,1e7910941afa8465e53efc8e598d2f7e6b9b499ccfe4c7f004db9712005d4573,5820,1,True
85,85,35545856,35566784,20928,0,35566688,35566692,85,__unmapped__/file_00085,2533888,16332,1f0ecc24cb963e40f67a765e9b16c9f31bb89bfcd1bf3bf2fdfe4590e234f1c6,16332,1,True
86,86,35545856,35556608,10752,0,35556600,35556604,86,__unmapped__/file_00086,2550272,7600,ddb62f4f6f19cfdf195d1f040c563ce74eb46a557a6fd954ee0d1ed0c1593956,7600,1,True
87,87,35545856,35557088,11232,0,35557040,35557044,87,__unmapped__/file_00087,2557952,8568,5b51ae3d69cdb15225fb2b73a0be2acf9025d5b939c09a342c512a43dc11a86c,8568,1,True
88,88,36016640,36021376,4736,0,36021324,36021328,88,__unmapped__/file_00088,2566656,4116,84aab1d35ee524709d2acc5a354f060d710c4f6805b8914f0eb76d72afc525bc,4116,1,True
89,89,36016640,36036736,20096,0,36036708,36036712,89,__unmapped__/file_00089,2571264,14092,ac9160e58c4eee5c1b4fa67fef245497d6c3ac4678c668d43845d3e8f1f37c4e,14092,1,True
90,90,36016640,36032320,15680,0,36032312,36032316,90,__unmapped__/file_00090,2585600,12672,77afd96f5d12602882eaab40006964e68827f24208627e748fbb25b23420cd35,12672,1,True
91,91,36032320,36057600,25216,64,36057524,36057528,91,__unmapped__/file_00091,2598400,19228,3eebb9f7e3e566a4ecb02209f45604220e646568ec24aeb0b70b5873bf157b92,19228,1,True
92,92,36032320,36064096,31776,0,36063752,36063756,92,__unmapped__/file_00092,2617856,22068,62b9410014bfb2fca84c32b15f18a4f69991340a0ad15b96fed2baf56cd39d9b,22068,1,True
93,93,36032320,36059968,27648,0,36059956,36059960,93,__unmapped__/file_00093,2640384,21688,3194f7fa7be2c7c847638ab7f4aad3fa5f273b7943ca81128fc61c0133e64df9,21688,1,True
94,94,35545856,35546912,1056,0,35546904,35546908,94,__unmapped__/file_00094,2662400,988,98263934d3d3015a82cc025a778a21506b4602d72669d4fec6314fa74f443cc5,988,1,True
95,95,35545856,35553984,8128,0,35553972,35553976,95,__unmapped__/file_00095,2663424,5968,7f5ecd26bc055eb7ab1dc0c2dce5f1671229a2299fbea7bd49b9750ec4c6c9d1,5968,1,True
96,96,35545856,35778496,230304,2336,35775464,35775468,96,__unmapped__/file_00096,2669568,184456,8a6a14f2b43fa924321ff5c602a7e7830aaea8c6b0b6179a41c0c8d46e08dd65,184456,1,True
97,97,35778496,35784576,6080,0,35784568,35784572,97,__unmapped__/file_00097,2854400,4724,b7a778607a4896dd630522baf2da7eb72167e334352b94b944d7304472be305a,4724,1,True
98,98,35778496,35781760,3264,0,35781744,35781748,98,__unmapped__/file_00098,2859520,2848,2e2ab85d18a89e5dd940f4a7e0e5ba9764006ef083f83dee5ea863cf4c5ecd3b,2848,1,True
99,99,35545856,35565568,19712,0,35565476,35565480,99,__unmapped__/file_00099,2862592,13692,61f2239e8b6c3d3b0f8a6304480cf95b1eb98f2f26d11447c51f8214e695bb22,13692,1,True
100,100,35545856,35553600,7744,0,35553556,35553560,100,__unmapped__/file_00100,2876416,5984,8b4ae8b411e4a1d128a7d666bc6cc9c16d9b1ab4dc35313d4a0e515614f5f1fc,5984,1,True
101,101,35553600,35634432,80832,0,35634364,35634368,101,__unmapped__/file_00101,2882560,53968,6f75a8c0e02eaa108355a029fa4849f8812f6b6d61444d395d0090b9f76a490d,53968,1,True
102,102,35553600,35574592,20992,0,35574584,35574588,102,__unmapped__/file_00102,2936832,15780,32f02ce8f4421802ee26693cf97b4ce44b5b682581651d8a58d5581d7b12e260,15780,1,True
103,103,35574592,35584640,10048,0,35584608,35584612,103,__unmapped__/file_00103,2952704,7444,bbe81a8f09c52cb661410f8b49da3a9ff5107017ee3bce29daa773900f16663b,7444,1,True
104,104,35545856,35547936,2080,0,35547720,35547724,104,__unmapped__/file_00104,2960384,1800,b78f21a1c58cc4b55f38d8897524ff66ce49901f11863260f68e9f104f470992,1800,1,True
105,105,35545856,35547328,1472,0,35547260,35547264,105,__unmapped__/file_00105,2962432,1332,eadf949a4a2a9460ae9fd64021119227e25bb84077f8cb354cbcd3c36668a468,1332,1,True
106,106,35545856,35557440,11584,0,35557428,35557432,106,__unmapped__/file_00106,2963968,5832,71b1aee2dcec84be9279582f94b03462ff6c268ef2048bdad293340932d6d118,5832,1,True
107,107,35545856,35545888,32,0,35545856,35545860,107,__unmapped__/file_00107,2970112,20,07d1d94d7d3269a1155925f01090a020e40387e8e8998fc3b4a1a3c633ca4d46,20,1,True
108,108,35545856,35567456,21600,0,35567436,35567440,108,__unmapped__/file_00108,2970624,16668,3626f627f57b90345cd0ba860947d43ab64eaa66d3e155f9234e4b373c062d76,16668,1,True
109,109,35545856,35554624,8768,0,35554596,35554600,109,__unmapped__/file_00109,2987520,6452,f5b1f1d0c390a96011e7b8e4d163da0f3155b321e963f01223168519022fc2f7,6452,1,True
110,110,35545856,35551776,5920,0,35551732,35551736,110,__unmapped__/file_00110,2994176,4708,4f0d9fc0a9c1ea4058d196bf1b544e134465f4d035bad0705dcd059e1d47048d,4708,1,True
111,111,35545856,35551072,5216,0,35551024,35551028,111,__unmapped__/file_00111,2999296,4260,151d202e62902a34e954516a93938b32ed5a98fc4a18be094ca229a40c00a16c,4260,1,True
112,112,35545856,35653248,106688,704,35651284,35651288,112,__unmapped__/file_00112,3003904,60880,f051588205ff53f2cece8b47962758839b8cf27da2d4ca60961030ba978affc1,60880,1,True
113,113,35545856,35551104,5248,0,35551088,35551092,113,__unmapped__/file_00113,3064832,4052,65ae38de2c1f648aea21e5a07b1cd0a0e2fe6a7486d4783d29d604203d0d081c,4052,1,True
114,114,36043104,36044352,1248,0,36044344,36044348,114,__unmapped__/file_00114,3068928,1064,bca2ccab882da4f57e3aee020a2995f80029572473e79aa50291afd164ea73ea,1064,1,True
115,115,36043104,36048448,5344,0,36048432,36048436,115,__unmapped__/file_00115,3070464,3840,13addf5952e70a535777124937cb08015485b4fcda42f3d3780f6f0380e1a549,3840,1,True
116,116,36043104,36044224,1120,0,36044204,36044208,116,__unmapped__/file_00116,3074560,856,6113f9d56cb1d821c5d362768384b6fc444817511c0c3cef76b9fb95e0d0cfff,856,1,True
117,117,36043104,36046080,2976,0,36046068,36046072,117,__unmapped__/file_00117,3075584,2496,0e006de317116d68c49bdf41bea1d6feacf56388e8b91bb140f715b6db75241d,2496,1,True
118,118,36043104,36043776,672,0,36043752,36043756,118,__unmapped__/file_00118,3078144,580,4ce0a6dddb91f85c961d6e4099f5dfbc7be3274d79778855b64ce63b36194650,580,1,True
119,119,36043104,36049024,5920,0,36049004,36049008,119,__unmapped__/file_00119,3079168,4052,1f8da88d02ff35334a92fc80f737e52c7d64960b729013e148e86edcb5817325,4052,1,True
120,120,36043104,36048032,4928,0,36048004,36048008,120,__unmapped__/file_00120,3083264,3740,f1f7300acf8e65976d78cd56c1fb90696dc9b17779784e170d1d213a63090daf,3740,1,True
121,121,35545856,35552160,6304,0,35552148,35552152,121,__unmapped__/file_00121,3087360,5024,c0113f30c5137dd4a2249355e4612bb75ecbff9c2477aca70da66a05f2c9b803,5024,1,True
122,122,35545856,35562944,17088,0,35562884,35562888,122,__unmapped__/file_00122,3092480,12280,7c07b10de6eda493f13bd96ed11b33929329211c0b83b7cb641c0de77198aec5,12280,1,True
123,123,36043104,36050272,7136,32,36050204,36050228,123,__unmapped__/file_00123,3104768,3960,a797ecbdb160d801fb4422d3a700ee198767af3e4672223a65f2c4c86888cedb,3960,1,True
124,124,36050272,36050624,352,0,36050608,36050612,124,__unmapped__/file_00124,3108864,352,3512605f04ec557c92f5f71c3dabe79e4917f071f463f42a62b2b7b400b0ae30,0,0,False
125,125,36050272,36050304,32,0,36050272,36050276,125,__unmapped__/file_00125,3109376,20,07d1d94d7d3269a1155925f01090a020e40387e8e8998fc3b4a1a3c633ca4d46,20,1,True
126,126,36050272,36050304,32,0,36050272,36050276,126,__unmapped__/file_00126,3109888,20,07d1d94d7d3269a1155925f01090a020e40387e8e8998fc3b4a1a3c633ca4d46,20,1,True
127,127,36050272,36050304,32,0,36050272,36050276,127,__unmapped__/file_00127,3110400,20,07d1d94d7d3269a1155925f01090a020e40387e8e8998fc3b4a1a3c633ca4d46,20,1,True
128,128,36050272,36050304,32,0,36050272,36050276,128,__unmapped__/file_00128,3110912,20,07d1d94d7d3269a1155925f01090a020e40387e8e8998fc3b4a1a3c633ca4d46,20,1,True
